timestamp,tripId,routeId,directionId,startTime,startDate,label,lat,long,stopSequence,stopId,currentStatus,stopName
1694044820,12730357,84,0,,,84 To Gresham TC via 282nd,45.489,-122.37956,25,4719,IN_TRANSIT_TO,SE Powell Valley & Dogwood
1694044820,12730357,84,0,,,84 To Gresham TC via 282nd,45.489,-122.37956,25,4719,IN_TRANSIT_TO,SE Powell Valley & Dogwood
1694044853,12730357,84,0,,,84 To Gresham TC via 282nd,45.490215,-122.38397,26,8945,IN_TRANSIT_TO,SE Powell Valley & Greenway
1694044883,12730357,84,0,,,84 To Gresham TC via 282nd,45.490406,-122.389,27,9383,IN_TRANSIT_TO,SE Powell Valley & Barnes Flag Stop - 20230804
1694044931,12730357,84,0,,,84 To Gresham TC via 282nd,45.490437,-122.394035,28,4720,IN_TRANSIT_TO,SE Powell Valley & Robin
1694044967,12730357,84,0,,,84 To Gresham TC via 282nd,45.490437,-122.394035,28,4720,IN_TRANSIT_TO,SE Powell Valley & Robin
1694044995,12730357,84,0,,,84 To Gresham TC via 282nd,45.49175,-122.39858,28,4720,IN_TRANSIT_TO,SE Powell Valley & Robin
1694045013,12730357,84,0,,,84 To Gresham TC via 282nd,45.49175,-122.39858,28,4720,IN_TRANSIT_TO,SE Powell Valley & Robin
1694045043,12730357,84,0,,,84 To Gresham TC via 282nd,45.49175,-122.39858,28,4720,IN_TRANSIT_TO,SE Powell Valley & Robin
1694045073,12730357,84,0,,,84 To Gresham TC via 282nd,45.492023,-122.39944,28,4720,IN_TRANSIT_TO,SE Powell Valley & Robin
1694045103,12730357,84,0,,,84 To Gresham TC via 282nd,45.493282,-122.40389,30,4518,IN_TRANSIT_TO,E Powell & SE Burnside
1694045154,12730357,84,0,,,84 To Gresham TC via 282nd,45.493404,-122.40442,30,4518,IN_TRANSIT_TO,E Powell & SE Burnside
1694045163,12730357,84,0,,,84 To Gresham TC via 282nd,45.493725,-122.40579,30,4518,IN_TRANSIT_TO,E Powell & SE Burnside
1694045199,12730357,84,0,,,84 To Gresham TC via 282nd,45.49409,-122.40769,30,4518,STOPPED_AT,E Powell & SE Burnside
1694045229,12730357,84,0,,,84 To Gresham TC via 282nd,45.49538,-122.41175,32,4638,IN_TRANSIT_TO,E Powell & SE 3rd
1694045259,12730357,84,0,,,84 To Gresham TC via 282nd,45.497375,-122.41283,33,4528,IN_TRANSIT_TO,E Powell & NE Hogan
1694045289,12730357,84,0,,,84 To Gresham TC via 282nd,45.497375,-122.41283,33,4528,IN_TRANSIT_TO,E Powell & NE Hogan
1694045319,12730357,84,0,,,84 To Gresham TC via 282nd,45.497375,-122.41283,33,4528,IN_TRANSIT_TO,E Powell & NE Hogan
1694045349,12730357,84,0,,,84 To Gresham TC via 282nd,45.497963,-122.4147,34,8461,IN_TRANSIT_TO,E Powell & NE Liberty
1694045379,12730357,84,0,,,84 To Gresham TC via 282nd,45.497997,-122.4182,34,8461,STOPPED_AT,E Powell & NE Liberty
1694045418,12730357,84,0,,,84 To Gresham TC via 282nd,45.498,-122.418655,35,4521,IN_TRANSIT_TO,E Powell & NE Cleveland
1694045448,12730357,84,0,,,84 To Gresham TC via 282nd,45.498028,-122.42208,36,13473,IN_TRANSIT_TO,E Powell & NE Elliott
1694045478,12730357,84,0,,,84 To Gresham TC via 282nd,45.498028,-122.426926,37,10657,IN_TRANSIT_TO,NE Hood & 2nd
1694045508,12730357,84,0,,,84 To Gresham TC via 282nd,45.498,-122.427444,37,10657,IN_TRANSIT_TO,NE Hood & 2nd
1694045538,12730357,84,0,,,84 To Gresham TC via 282nd,45.49931,-122.42787,38,10654,IN_TRANSIT_TO,NE Hood & 5th
1694045568,12730357,84,0,,,84 To Gresham TC via 282nd,45.50065,-122.42799,38,10654,IN_TRANSIT_TO,NE Hood & 5th
1694045604,12730357,84,0,,,84 To Gresham TC via 282nd,45.50065,-122.42799,38,10654,IN_TRANSIT_TO,NE Hood & 5th
1694045634,12730358,84,0,,,84 To SE 282nd Ave,45.50276,-122.42709,1,10857,STOPPED_AT,Gresham Central Transit Center
1694045664,12730358,84,0,,,84 To SE 282nd Ave,45.50276,-122.42709,1,10857,STOPPED_AT,Gresham Central Transit Center
1694045683,12730358,84,0,,,84 To SE 282nd Ave,45.50276,-122.42709,1,10857,STOPPED_AT,Gresham Central Transit Center
1694045718,12730358,84,0,,,84 To SE 282nd Ave,45.50276,-122.42709,1,10857,STOPPED_AT,Gresham Central Transit Center
1694045730,12730358,84,0,,,84 To SE 282nd Ave,45.50276,-122.42709,1,10857,STOPPED_AT,Gresham Central Transit Center
1694045760,12730358,84,0,,,84 To SE 282nd Ave,45.50276,-122.42709,1,10857,STOPPED_AT,Gresham Central Transit Center
1694045791,12730358,84,0,,,84 To SE 282nd Ave,45.50276,-122.42709,1,10857,STOPPED_AT,Gresham Central Transit Center
1694045820,12730358,84,0,,,84 To SE 282nd Ave,45.50276,-122.42709,1,10857,STOPPED_AT,Gresham Central Transit Center
1694045851,12730358,84,0,,,84 To SE 282nd Ave,45.50276,-122.42709,1,10857,STOPPED_AT,Gresham Central Transit Center
1694045910,12730358,84,0,,,84 To SE 282nd Ave,45.50276,-122.42709,1,10857,STOPPED_AT,Gresham Central Transit Center
1694045941,12730358,84,0,,,84 To SE 282nd Ave,45.50276,-122.42709,1,10857,STOPPED_AT,Gresham Central Transit Center
1694045962,12730358,84,0,,,84 To SE 282nd Ave,45.50276,-122.42709,1,10857,STOPPED_AT,Gresham Central Transit Center
1694045980,12730358,84,0,,,84 To SE 282nd Ave,45.50276,-122.42709,1,10857,STOPPED_AT,Gresham Central Transit Center
1694046010,12730358,84,0,,,84 To SE 282nd Ave,45.50276,-122.42709,1,10857,STOPPED_AT,Gresham Central Transit Center
1694046058,12730358,84,0,,,84 To SE 282nd Ave,45.50276,-122.42709,1,10857,STOPPED_AT,Gresham Central Transit Center
1694046070,12730358,84,0,,,84 To SE 282nd Ave,45.50276,-122.42709,1,10857,STOPPED_AT,Gresham Central Transit Center
1694046118,12730358,84,0,,,84 To SE 282nd Ave,45.50276,-122.42709,1,10857,STOPPED_AT,Gresham Central Transit Center
1694046130,12730358,84,0,,,84 To SE 282nd Ave,45.50276,-122.42709,1,10857,STOPPED_AT,Gresham Central Transit Center
1694046160,12730358,84,0,,,84 To SE 282nd Ave,45.50276,-122.42709,1,10857,STOPPED_AT,Gresham Central Transit Center
1694046208,12730358,84,0,,,84 To SE 282nd Ave,45.50276,-122.42709,1,10857,STOPPED_AT,Gresham Central Transit Center
1694046220,12730358,84,0,,,84 To SE 282nd Ave,45.50276,-122.42709,1,10857,STOPPED_AT,Gresham Central Transit Center
1694046250,12730358,84,0,,,84 To SE 282nd Ave,45.50276,-122.42709,1,10857,STOPPED_AT,Gresham Central Transit Center
1694046298,12730358,84,0,,,84 To SE 282nd Ave,45.50276,-122.42709,1,10857,STOPPED_AT,Gresham Central Transit Center
1694046310,12730358,84,0,,,84 To SE 282nd Ave,45.50276,-122.42709,1,10857,STOPPED_AT,Gresham Central Transit Center
1694046358,12730358,84,0,,,84 To SE 282nd Ave,45.50276,-122.42709,1,10857,STOPPED_AT,Gresham Central Transit Center
1694046376,12730358,84,0,,,84 To SE 282nd Ave,45.50276,-122.42709,1,10857,STOPPED_AT,Gresham Central Transit Center
1694046425,12730358,84,0,,,84 To SE 282nd Ave,45.50276,-122.42709,1,10857,STOPPED_AT,Gresham Central Transit Center
1694046455,12730358,84,0,,,84 To SE 282nd Ave,45.50276,-122.42709,1,10857,STOPPED_AT,Gresham Central Transit Center
1694046484,12730358,84,0,,,84 To SE 282nd Ave,45.50276,-122.42709,1,10857,STOPPED_AT,Gresham Central Transit Center
1694046514,12730358,84,0,,,84 To SE 282nd Ave,45.50276,-122.42709,1,10857,STOPPED_AT,Gresham Central Transit Center
1694046545,12730358,84,0,,,84 To SE 282nd Ave,45.50276,-122.42709,1,10857,STOPPED_AT,Gresham Central Transit Center
1694046575,12730358,84,0,,,84 To SE 282nd Ave,45.502716,-122.426865,2,2253,IN_TRANSIT_TO,Gresham Central Transit Center
1694046605,12730358,84,0,,,84 To SE 282nd Ave,45.502644,-122.42647,2,2253,STOPPED_AT,Gresham Central Transit Center
1694046635,12730358,84,0,,,84 To SE 282nd Ave,45.502644,-122.42647,2,2253,STOPPED_AT,Gresham Central Transit Center
1694046665,12730358,84,0,,,84 To SE 282nd Ave,45.50292,-122.42782,3,13211,IN_TRANSIT_TO,NE Hood & 5th
1694046665,12730358,84,0,,,84 To SE 282nd Ave,45.50292,-122.42782,3,13211,IN_TRANSIT_TO,NE Hood & 5th
1694046701,12730358,84,0,,,84 To SE 282nd Ave,45.50292,-122.42782,3,13211,IN_TRANSIT_TO,NE Hood & 5th
1694046752,12730358,84,0,,,84 To SE 282nd Ave,45.49905,-122.42776,4,13033,IN_TRANSIT_TO,NE Hood & 2nd
1694046782,12730358,84,0,,,84 To SE 282nd Ave,45.498016,-122.42773,5,13474,IN_TRANSIT_TO,E Powell & NE Elliott
1694046812,12730358,84,0,,,84 To SE 282nd Ave,45.497997,-122.423836,6,4520,IN_TRANSIT_TO,E Powell & SE Cleveland
1694046842,12730358,84,0,,,84 To SE 282nd Ave,45.49802,-122.42128,6,4520,STOPPED_AT,E Powell & SE Cleveland
1694046872,12730358,84,0,,,84 To SE 282nd Ave,45.498016,-122.42028,7,4531,IN_TRANSIT_TO,E Powell & NE Liberty
1694046902,12730358,84,0,,,84 To SE 282nd Ave,45.49798,-122.415985,8,4529,IN_TRANSIT_TO,E Powell & SE Hogan
1694046932,12730358,84,0,,,84 To SE 282nd Ave,45.497505,-122.41318,9,4639,IN_TRANSIT_TO,E Powell & SE 3rd
1694046962,12730358,84,0,,,84 To SE 282nd Ave,45.494907,-122.41126,10,4545,IN_TRANSIT_TO,E Powell & SE Rene
1694046992,12730358,84,0,,,84 To SE 282nd Ave,45.493984,-122.40707,11,4713,IN_TRANSIT_TO,2800 Block SE Powell Valley
1694047023,12730358,84,0,,,84 To SE 282nd Ave,45.49388,-122.40651,11,4713,IN_TRANSIT_TO,2800 Block SE Powell Valley
1694047053,12730358,84,0,,,84 To SE 282nd Ave,45.49388,-122.40651,11,4713,IN_TRANSIT_TO,2800 Block SE Powell Valley
1694047082,12730358,84,0,,,84 To SE 282nd Ave,45.493214,-122.40361,11,4713,STOPPED_AT,2800 Block SE Powell Valley
1694047106,12730358,84,0,,,84 To SE 282nd Ave,45.493076,-122.40306,12,4715,IN_TRANSIT_TO,SE Powell Valley & Hale
1694047137,12730358,84,0,,,84 To SE 282nd Ave,45.49193,-122.39915,13,13475,IN_TRANSIT_TO,SE 257th/Kane & Powell Valley
1694047167,12730358,84,0,,,84 To SE 282nd Ave,45.49189,-122.399025,13,13475,IN_TRANSIT_TO,SE 257th/Kane & Powell Valley
1694047197,12730358,84,0,,,84 To SE 282nd Ave,45.49189,-122.399025,13,13475,IN_TRANSIT_TO,SE 257th/Kane & Powell Valley
1694047227,12730358,84,0,,,84 To SE 282nd Ave,45.491764,-122.39884,13,13475,IN_TRANSIT_TO,SE 257th/Kane & Powell Valley
1694047251,12730358,84,0,,,84 To Gresham TC via 282nd,45.4912,-122.39885,14,13554,IN_TRANSIT_TO,SE 257th/Kane & 11th
1694047281,12730358,84,0,,,84 To Gresham TC via 282nd,45.488983,-122.398575,14,13554,STOPPED_AT,SE 257th/Kane & 11th
1694047311,12730358,84,0,,,84 To Gresham TC via 282nd,45.487484,-122.39848,15,4231,IN_TRANSIT_TO,SE Orient Dr & 14th 
1694047341,12730358,84,0,,,84 To Gresham TC via 282nd,45.485638,-122.39667,16,9233,IN_TRANSIT_TO,1800 Block SE Orient Dr
1694047371,12730358,84,0,,,84 To Gresham TC via 282nd,45.483074,-122.39377,17,13555,IN_TRANSIT_TO,SE Orient Dr & Chase
1694047398,12730358,84,0,,,84 To Gresham TC via 282nd,45.480083,-122.390335,17,13555,IN_TRANSIT_TO,SE Orient Dr & Chase
1694047428,12730358,84,0,,,84 To Gresham TC via 282nd,45.47693,-122.38675,18,4230,IN_TRANSIT_TO,SE Orient Dr & Welch Rd
1694047458,12730358,84,0,,,84 To Gresham TC via 282nd,45.473804,-122.383194,19,13650,IN_TRANSIT_TO,SE Orient Dr & Elsa St
1694047488,12730358,84,0,,,84 To Gresham TC via 282nd,45.471752,-122.37832,19,13650,IN_TRANSIT_TO,SE Orient Dr & Elsa St
1694047518,12730358,84,0,,,84 To Gresham TC via 282nd,45.47147,-122.3733,20,13560,IN_TRANSIT_TO,SE 282nd & Welch Rd
1694047548,12730358,84,0,,,84 To Gresham TC via 282nd,45.471836,-122.372765,20,13560,IN_TRANSIT_TO,SE 282nd & Welch Rd
1694047578,12730358,84,0,,,84 To Gresham TC via 282nd,45.475105,-122.37274,20,13560,IN_TRANSIT_TO,SE 282nd & Welch Rd
1694047608,12730358,84,0,,,84 To Gresham TC via 282nd,45.478397,-122.37273,21,7297,IN_TRANSIT_TO,SE 282nd & Chase
1694047656,12730358,84,0,,,84 To Gresham TC via 282nd,45.4807,-122.3727,22,13561,IN_TRANSIT_TO,SE 282nd & Salquist
1694047668,12730358,84,0,,,84 To Gresham TC via 282nd,45.484253,-122.372696,23,13867,IN_TRANSIT_TO,SE 282nd & Powell Valley
1694047719,12730358,84,0,,,84 To Gresham TC via 282nd,45.487198,-122.37271,23,13867,IN_TRANSIT_TO,SE 282nd & Powell Valley
1694047747,12730358,84,0,,,84 To Gresham TC via 282nd,45.48785,-122.37272,23,13867,STOPPED_AT,SE 282nd & Powell Valley
1694047776,12730358,84,0,,,84 To Gresham TC via 282nd,45.488132,-122.37272,24,13562,IN_TRANSIT_TO,Powell Valley & Old Woods Lp Flag Stop
1694047795,12730358,84,0,,,84 To Gresham TC via 282nd,45.488132,-122.37272,24,13562,IN_TRANSIT_TO,Powell Valley & Old Woods Lp Flag Stop
1694047834,12730358,84,0,,,84 To Gresham TC via 282nd,45.488247,-122.37432,24,13562,IN_TRANSIT_TO,Powell Valley & Old Woods Lp Flag Stop
1694047834,12730358,84,0,,,84 To Gresham TC via 282nd,45.488247,-122.37432,24,13562,IN_TRANSIT_TO,Powell Valley & Old Woods Lp Flag Stop
1694047900,12730358,84,0,,,84 To Gresham TC via 282nd,45.488277,-122.37754,25,4719,IN_TRANSIT_TO,SE Powell Valley & Dogwood
1694047918,12730358,84,0,,,84 To Gresham TC via 282nd,45.488277,-122.37754,25,4719,IN_TRANSIT_TO,SE Powell Valley & Dogwood
1694047957,12730358,84,0,,,84 To Gresham TC via 282nd,45.490353,-122.3928,27,9383,IN_TRANSIT_TO,SE Powell Valley & Barnes Flag Stop - 20230804
1694047987,12730358,84,0,,,84 To Gresham TC via 282nd,45.491264,-122.396935,28,4720,IN_TRANSIT_TO,SE Powell Valley & Robin
1694048017,12730358,84,0,,,84 To Gresham TC via 282nd,45.491695,-122.3984,28,4720,IN_TRANSIT_TO,SE Powell Valley & Robin
1694048047,12730358,84,0,,,84 To Gresham TC via 282nd,45.491695,-122.3984,28,4720,IN_TRANSIT_TO,SE Powell Valley & Robin
1694048077,12730358,84,0,,,84 To Gresham TC via 282nd,45.491695,-122.3984,28,4720,IN_TRANSIT_TO,SE Powell Valley & Robin
1694048107,12730358,84,0,,,84 To Gresham TC via 282nd,45.49187,-122.39897,28,4720,IN_TRANSIT_TO,SE Powell Valley & Robin
1694048137,12730358,84,0,,,84 To Gresham TC via 282nd,45.49278,-122.401825,28,4720,STOPPED_AT,SE Powell Valley & Robin
1694048158,12730358,84,0,,,84 To Gresham TC via 282nd,45.492878,-122.402245,29,4714,IN_TRANSIT_TO,2800 Block SE Powell Valley
1694048188,12730358,84,0,,,84 To Gresham TC via 282nd,45.493492,-122.40479,30,4518,IN_TRANSIT_TO,E Powell & SE Burnside
1694048218,12730358,84,0,,,84 To Gresham TC via 282nd,45.493523,-122.40493,30,4518,IN_TRANSIT_TO,E Powell & SE Burnside
1694048248,12730358,84,0,,,84 To Gresham TC via 282nd,45.493523,-122.40493,30,4518,IN_TRANSIT_TO,E Powell & SE Burnside
1694048278,12730358,84,0,,,84 To Gresham TC via 282nd,45.493523,-122.40493,30,4518,IN_TRANSIT_TO,E Powell & SE Burnside
1694048326,12730358,84,0,,,84 To Gresham TC via 282nd,45.493935,-122.406784,30,4518,IN_TRANSIT_TO,E Powell & SE Burnside
1694048338,12730358,84,0,,,84 To Gresham TC via 282nd,45.495014,-122.411415,32,4638,IN_TRANSIT_TO,E Powell & SE 3rd
1694048386,12730358,84,0,,,84 To Gresham TC via 282nd,45.49757,-122.41307,33,4528,IN_TRANSIT_TO,E Powell & NE Hogan
1694048399,12730358,84,0,,,84 To Gresham TC via 282nd,45.497948,-122.41443,34,8461,IN_TRANSIT_TO,E Powell & NE Liberty
1694048428,12730358,84,0,,,84 To Gresham TC via 282nd,45.498005,-122.41926,35,4521,IN_TRANSIT_TO,E Powell & NE Cleveland
1694048459,12730358,84,0,,,84 To Gresham TC via 282nd,45.49802,-122.42139,35,4521,IN_TRANSIT_TO,E Powell & NE Cleveland
1694048489,12730358,84,0,,,84 To Gresham TC via 282nd,45.49806,-122.42543,37,10657,IN_TRANSIT_TO,NE Hood & 2nd
1694048519,12730358,84,0,,,84 To Gresham TC via 282nd,45.497997,-122.42756,37,10657,IN_TRANSIT_TO,NE Hood & 2nd
1694048549,12730358,84,0,,,84 To Gresham TC via 282nd,45.49808,-122.42773,37,10657,IN_TRANSIT_TO,NE Hood & 2nd
1694048597,12730358,84,0,,,84 To Gresham TC via 282nd,45.498783,-122.427734,37,10657,STOPPED_AT,NE Hood & 2nd
1694048615,12730358,84,0,,,84 To Gresham TC via 282nd,45.498783,-122.427734,37,10657,STOPPED_AT,NE Hood & 2nd
1694048648,12730358,84,0,,,84 To Gresham TC via 282nd,45.502087,-122.42798,39,10857,IN_TRANSIT_TO,Gresham Central Transit Center
1694048678,12730358,84,0,,,84 To Gresham TC via 282nd,45.502583,-122.42797,39,10857,IN_TRANSIT_TO,Gresham Central Transit Center
1694048708,12730359,84,0,,,84 To SE 282nd Ave,45.502754,-122.42705,1,10857,STOPPED_AT,Gresham Central Transit Center
1694048738,12730359,84,0,,,84 To SE 282nd Ave,45.502754,-122.42705,1,10857,STOPPED_AT,Gresham Central Transit Center
1694048768,12730359,84,0,,,84 To SE 282nd Ave,45.502754,-122.42705,1,10857,STOPPED_AT,Gresham Central Transit Center
1694048798,12730359,84,0,,,84 To SE 282nd Ave,45.502754,-122.42705,1,10857,STOPPED_AT,Gresham Central Transit Center
1694048828,12730359,84,0,,,84 To SE 282nd Ave,45.502754,-122.42705,1,10857,STOPPED_AT,Gresham Central Transit Center
1694048858,12730359,84,0,,,84 To SE 282nd Ave,45.502754,-122.42705,1,10857,STOPPED_AT,Gresham Central Transit Center
1694048888,12730359,84,0,,,84 To SE 282nd Ave,45.502754,-122.42705,1,10857,STOPPED_AT,Gresham Central Transit Center
1694048918,12730359,84,0,,,84 To SE 282nd Ave,45.502754,-122.42705,1,10857,STOPPED_AT,Gresham Central Transit Center
1694048948,12730359,84,0,,,84 To SE 282nd Ave,45.502754,-122.42705,1,10857,STOPPED_AT,Gresham Central Transit Center
1694048978,12730359,84,0,,,84 To SE 282nd Ave,45.502754,-122.42705,1,10857,STOPPED_AT,Gresham Central Transit Center
1694049008,12730359,84,0,,,84 To SE 282nd Ave,45.502754,-122.42705,1,10857,STOPPED_AT,Gresham Central Transit Center
1694049038,12730359,84,0,,,84 To SE 282nd Ave,45.502754,-122.42705,1,10857,STOPPED_AT,Gresham Central Transit Center
1694049068,12730359,84,0,,,84 To SE 282nd Ave,45.502754,-122.42705,1,10857,STOPPED_AT,Gresham Central Transit Center
1694049099,12730359,84,0,,,84 To SE 282nd Ave,45.502647,-122.426476,1,10857,STOPPED_AT,Gresham Central Transit Center
1694049129,12730359,84,0,,,84 To SE 282nd Ave,45.502647,-122.426476,2,2253,STOPPED_AT,Gresham Central Transit Center
1694049177,12730359,84,0,,,84 To SE 282nd Ave,45.502647,-122.426476,2,2253,STOPPED_AT,Gresham Central Transit Center
1694049189,12730359,84,0,,,84 To SE 282nd Ave,45.502647,-122.426476,2,2253,STOPPED_AT,Gresham Central Transit Center
1694049219,12730359,84,0,,,84 To SE 282nd Ave,45.502934,-122.42648,3,13211,IN_TRANSIT_TO,NE Hood & 5th
1694049249,12730359,84,0,,,84 To SE 282nd Ave,45.50292,-122.4277,3,13211,IN_TRANSIT_TO,NE Hood & 5th
1694049279,12730359,84,0,,,84 To SE 282nd Ave,45.501682,-122.427986,3,13211,IN_TRANSIT_TO,NE Hood & 5th
1694049327,12730359,84,0,,,84 To SE 282nd Ave,45.50035,-122.42799,4,13033,IN_TRANSIT_TO,NE Hood & 2nd
1694049339,12730359,84,0,,,84 To SE 282nd Ave,45.49905,-122.42776,4,13033,IN_TRANSIT_TO,NE Hood & 2nd
1694049369,12730359,84,0,,,84 To SE 282nd Ave,45.49799,-122.42768,5,13474,IN_TRANSIT_TO,E Powell & NE Elliott
1694049399,12730359,84,0,,,84 To SE 282nd Ave,45.497997,-122.42374,6,4520,IN_TRANSIT_TO,E Powell & SE Cleveland
1694049447,12730359,84,0,,,84 To SE 282nd Ave,45.498005,-122.41908,7,4531,IN_TRANSIT_TO,E Powell & NE Liberty
1694049465,12730359,84,0,,,84 To SE 282nd Ave,45.498005,-122.41908,7,4531,IN_TRANSIT_TO,E Powell & NE Liberty
1694049492,12730359,84,0,,,84 To SE 282nd Ave,45.497967,-122.41471,8,4529,IN_TRANSIT_TO,E Powell & SE Hogan
1694049526,12730359,84,0,,,84 To SE 282nd Ave,45.496834,-122.41257,9,4639,IN_TRANSIT_TO,E Powell & SE 3rd
1694049555,12730359,84,0,,,84 To SE 282nd Ave,45.494587,-122.4107,10,4545,IN_TRANSIT_TO,E Powell & SE Rene
1694049582,12730359,84,0,,,84 To SE 282nd Ave,45.49437,-122.409355,11,4713,IN_TRANSIT_TO,2800 Block SE Powell Valley
1694049612,12730359,84,0,,,84 To SE 282nd Ave,45.493797,-122.406136,11,4713,IN_TRANSIT_TO,2800 Block SE Powell Valley
1694049642,12730359,84,0,,,84 To SE 282nd Ave,45.493797,-122.406136,11,4713,IN_TRANSIT_TO,2800 Block SE Powell Valley
1694049672,12730359,84,0,,,84 To SE 282nd Ave,45.493786,-122.40607,11,4713,IN_TRANSIT_TO,2800 Block SE Powell Valley
1694049712,12730359,84,0,,,84 To SE 282nd Ave,45.493786,-122.40607,11,4713,IN_TRANSIT_TO,2800 Block SE Powell Valley
1694049742,12730359,84,0,,,84 To SE 282nd Ave,45.4923,-122.40028,13,13475,IN_TRANSIT_TO,SE 257th/Kane & Powell Valley
1694049778,12730359,84,0,,,84 To SE 282nd Ave,45.49189,-122.399025,13,13475,IN_TRANSIT_TO,SE 257th/Kane & Powell Valley
1694049778,12730359,84,0,,,84 To SE 282nd Ave,45.49189,-122.399025,13,13475,IN_TRANSIT_TO,SE 257th/Kane & Powell Valley
1694049778,12730359,84,0,,,84 To SE 282nd Ave,45.49189,-122.399025,13,13475,IN_TRANSIT_TO,SE 257th/Kane & Powell Valley
1694049844,12730359,84,0,,,84 To Gresham TC via 282nd,45.487385,-122.398445,15,4231,IN_TRANSIT_TO,SE Orient Dr & 14th 
1694049904,12730359,84,0,,,84 To Gresham TC via 282nd,45.484016,-122.39482,16,9233,STOPPED_AT,1800 Block SE Orient Dr
1694049925,12730359,84,0,,,84 To Gresham TC via 282nd,45.483948,-122.394745,17,13555,IN_TRANSIT_TO,SE Orient Dr & Chase
1694049936,12730359,84,0,,,84 To Gresham TC via 282nd,45.482796,-122.39345,17,13555,IN_TRANSIT_TO,SE Orient Dr & Chase
1694049984,12730359,84,0,,,84 To Gresham TC via 282nd,45.480164,-122.39043,17,13555,IN_TRANSIT_TO,SE Orient Dr & Chase
1694049997,12730359,84,0,,,84 To Gresham TC via 282nd,45.47705,-122.38689,18,4230,IN_TRANSIT_TO,SE Orient Dr & Welch Rd
1694050036,12730359,84,0,,,84 To Gresham TC via 282nd,45.475555,-122.385185,19,13650,IN_TRANSIT_TO,SE Orient Dr & Elsa St
1694050084,12730359,84,0,,,84 To Gresham TC via 282nd,45.472652,-122.38146,19,13650,IN_TRANSIT_TO,SE Orient Dr & Elsa St
1694050102,12730359,84,0,,,84 To Gresham TC via 282nd,45.472652,-122.38146,19,13650,IN_TRANSIT_TO,SE Orient Dr & Elsa St
1694050132,12730359,84,0,,,84 To Gresham TC via 282nd,45.471462,-122.37314,20,13560,IN_TRANSIT_TO,SE 282nd & Welch Rd
1694050165,12730359,84,0,,,84 To Gresham TC via 282nd,45.471455,-122.37299,20,13560,IN_TRANSIT_TO,SE 282nd & Welch Rd
1694050192,12730359,84,0,,,84 To Gresham TC via 282nd,45.471455,-122.37299,20,13560,IN_TRANSIT_TO,SE 282nd & Welch Rd
1694050222,12730359,84,0,,,84 To Gresham TC via 282nd,45.47307,-122.37276,20,13560,IN_TRANSIT_TO,SE 282nd & Welch Rd
1694050255,12730359,84,0,,,84 To Gresham TC via 282nd,45.47677,-122.372734,21,7297,IN_TRANSIT_TO,SE 282nd & Chase
1694050282,12730359,84,0,,,84 To Gresham TC via 282nd,45.479412,-122.37272,22,13561,IN_TRANSIT_TO,SE 282nd & Salquist
1694050312,12730359,84,0,,,84 To Gresham TC via 282nd,45.482998,-122.372696,22,13561,STOPPED_AT,SE 282nd & Salquist
1694050342,12730359,84,0,,,84 To Gresham TC via 282nd,45.48627,-122.37271,23,13867,IN_TRANSIT_TO,SE 282nd & Powell Valley
1694050372,12730359,84,0,,,84 To Gresham TC via 282nd,45.488033,-122.37272,24,13562,IN_TRANSIT_TO,Powell Valley & Old Woods Lp Flag Stop
1694050402,12730359,84,0,,,84 To Gresham TC via 282nd,45.48825,-122.37571,24,13562,IN_TRANSIT_TO,Powell Valley & Old Woods Lp Flag Stop
1694050433,12730359,84,0,,,84 To Gresham TC via 282nd,45.489223,-122.38013,25,4719,IN_TRANSIT_TO,SE Powell Valley & Dogwood
1694050478,12730359,84,0,,,84 To Gresham TC via 282nd,45.490204,-122.38376,26,8945,IN_TRANSIT_TO,SE Powell Valley & Greenway
1694050507,12730359,84,0,,,84 To Gresham TC via 282nd,45.49041,-122.38876,27,9383,IN_TRANSIT_TO,SE Powell Valley & Barnes Flag Stop - 20230804
1694050537,12730359,84,0,,,84 To Gresham TC via 282nd,45.490456,-122.39413,28,4720,IN_TRANSIT_TO,SE Powell Valley & Robin
1694050568,12730359,84,0,,,84 To Gresham TC via 282nd,45.49169,-122.398384,28,4720,IN_TRANSIT_TO,SE Powell Valley & Robin
1694050598,12730359,84,0,,,84 To Gresham TC via 282nd,45.49175,-122.39858,28,4720,IN_TRANSIT_TO,SE Powell Valley & Robin
1694050628,12730359,84,0,,,84 To Gresham TC via 282nd,45.49175,-122.39858,28,4720,IN_TRANSIT_TO,SE Powell Valley & Robin
1694050658,12730359,84,0,,,84 To Gresham TC via 282nd,45.49175,-122.39858,28,4720,IN_TRANSIT_TO,SE Powell Valley & Robin
1694050688,12730359,84,0,,,84 To Gresham TC via 282nd,45.49298,-122.40268,29,4714,IN_TRANSIT_TO,2800 Block SE Powell Valley
1694050718,12730359,84,0,,,84 To Gresham TC via 282nd,45.49359,-122.40523,30,4518,IN_TRANSIT_TO,E Powell & SE Burnside
1694050751,12730359,84,0,,,84 To Gresham TC via 282nd,45.49359,-122.40523,30,4518,IN_TRANSIT_TO,E Powell & SE Burnside
1694050781,12730359,84,0,,,84 To Gresham TC via 282nd,45.49417,-122.4079,31,4546,IN_TRANSIT_TO,E Powell & SE Rene
1694050811,12730359,84,0,,,84 To Gresham TC via 282nd,45.49576,-122.41196,32,4638,IN_TRANSIT_TO,E Powell & SE 3rd
1694050841,12730359,84,0,,,84 To Gresham TC via 282nd,45.497734,-122.41336,33,4528,IN_TRANSIT_TO,E Powell & NE Hogan
1694050871,12730359,84,0,,,84 To Gresham TC via 282nd,45.497948,-122.41443,34,8461,IN_TRANSIT_TO,E Powell & NE Liberty
1694050898,12730359,84,0,,,84 To Gresham TC via 282nd,45.49801,-122.41945,35,4521,IN_TRANSIT_TO,E Powell & NE Cleveland
1694050931,12730359,84,0,,,84 To Gresham TC via 282nd,45.498055,-122.4249,37,10657,IN_TRANSIT_TO,NE Hood & 2nd
1694050958,12730359,84,0,,,84 To Gresham TC via 282nd,45.4982,-122.42773,37,10657,IN_TRANSIT_TO,NE Hood & 2nd
1694050988,12730359,84,0,,,84 To Gresham TC via 282nd,45.499554,-122.427986,38,10654,IN_TRANSIT_TO,NE Hood & 5th
1694051021,12730359,84,0,,,84 To Gresham TC via 282nd,45.500916,-122.42799,38,10654,STOPPED_AT,NE Hood & 5th
1694051051,12730359,84,0,,,84 To Gresham TC via 282nd,45.502613,-122.42797,39,8199,IN_TRANSIT_TO,Gresham Central Transit Center
1694088759,12730365,84,0,,,84 To SE 282nd Ave,45.502735,-122.426956,1,10857,STOPPED_AT,Gresham Central Transit Center
1694088789,12730365,84,0,,,84 To SE 282nd Ave,45.502735,-122.426956,1,10857,STOPPED_AT,Gresham Central Transit Center
1694088819,12730365,84,0,,,84 To SE 282nd Ave,45.502644,-122.42647,2,2253,STOPPED_AT,Gresham Central Transit Center
1694088849,12730365,84,0,,,84 To SE 282nd Ave,45.502922,-122.42717,3,13211,IN_TRANSIT_TO,NE Hood & 5th
1694088897,12730365,84,0,,,84 To SE 282nd Ave,45.501347,-122.427986,3,13211,IN_TRANSIT_TO,NE Hood & 5th
1694088909,12730365,84,0,,,84 To SE 282nd Ave,45.499947,-122.42799,4,13033,IN_TRANSIT_TO,NE Hood & 2nd
1694088940,12730365,84,0,,,84 To SE 282nd Ave,45.49858,-122.42773,4,13033,STOPPED_AT,NE Hood & 2nd
1694088969,12730365,84,0,,,84 To SE 282nd Ave,45.49805,-122.42485,5,13474,STOPPED_AT,E Powell & NE Elliott
1694089000,12730365,84,0,,,84 To SE 282nd Ave,45.498,-122.418884,7,4531,STOPPED_AT,E Powell & NE Liberty
1694089030,12730365,84,0,,,84 To SE 282nd Ave,45.49791,-122.41414,9,4639,IN_TRANSIT_TO,E Powell & SE 3rd
1694089060,12730365,84,0,,,84 To SE 282nd Ave,45.49791,-122.41414,9,4639,IN_TRANSIT_TO,E Powell & SE 3rd
1694089090,12730365,84,0,,,84 To SE 282nd Ave,45.49722,-122.412834,9,4639,IN_TRANSIT_TO,E Powell & SE 3rd
1694089120,12730365,84,0,,,84 To SE 282nd Ave,45.494442,-122.40976,10,4545,STOPPED_AT,E Powell & SE Rene
1694089150,12730365,84,0,,,84 To SE 282nd Ave,45.493755,-122.40593,11,4713,IN_TRANSIT_TO,2800 Block SE Powell Valley
1694089180,12730365,84,0,,,84 To SE 282nd Ave,45.49373,-122.405815,11,4713,IN_TRANSIT_TO,2800 Block SE Powell Valley
1694089210,12730365,84,0,,,84 To SE 282nd Ave,45.492714,-122.401566,12,4715,IN_TRANSIT_TO,SE Powell Valley & Hale
1694089240,12730365,84,0,,,84 To SE 282nd Ave,45.491795,-122.398735,13,8946,IN_TRANSIT_TO,SE Powell Valley & Greenway
1694089270,12730365,84,0,,,84 To SE 282nd Ave,45.490368,-122.39356,13,8946,IN_TRANSIT_TO,SE Powell Valley & Greenway
1694089300,12730365,84,0,,,84 To Gresham TC via 282nd,45.490387,-122.38689,14,4718,IN_TRANSIT_TO,SE Powell Valley & Dogwood
1694089330,12730365,84,0,,,84 To Gresham TC via 282nd,45.489582,-122.381165,15,13551,IN_TRANSIT_TO,SE Powell Valley & Ironwood Flag Stop
1694089360,12730365,84,0,,,84 To Gresham TC via 282nd,45.48825,-122.37571,16,4633,IN_TRANSIT_TO,SE Powell Valley & 282nd
1694089402,12730365,84,0,,,84 To Gresham TC via 282nd,45.488117,-122.37272,17,13552,IN_TRANSIT_TO,SE 282nd & Salquist
1694089433,12730365,84,0,,,84 To Gresham TC via 282nd,45.48457,-122.3727,17,13552,IN_TRANSIT_TO,SE 282nd & Salquist
1694089462,12730365,84,0,,,84 To Gresham TC via 282nd,45.480667,-122.3727,18,7298,IN_TRANSIT_TO,SE 282nd & Chase
1694089492,12730365,84,0,,,84 To Gresham TC via 282nd,45.478214,-122.37273,19,13553,IN_TRANSIT_TO,SE 282nd & Welch Rd
1694089522,12730365,84,0,,,84 To Gresham TC via 282nd,45.474766,-122.37275,20,7303,IN_TRANSIT_TO,SE 282nd & Orient
1694089552,12730365,84,0,,,84 To Gresham TC via 282nd,45.471615,-122.372765,20,7303,STOPPED_AT,SE 282nd & Orient
1694089582,12730365,84,0,,,84 To Gresham TC via 282nd,45.47168,-122.37738,21,4243,IN_TRANSIT_TO,SE Orient Dr & Welch Rd
1694089612,12730365,84,0,,,84 To Gresham TC via 282nd,45.473846,-122.38324,21,4243,IN_TRANSIT_TO,SE Orient Dr & Welch Rd
1694089642,12730365,84,0,,,84 To Gresham TC via 282nd,45.475708,-122.38536,21,4243,IN_TRANSIT_TO,SE Orient Dr & Welch Rd
1694089673,12730365,84,0,,,84 To Gresham TC via 282nd,45.475903,-122.38558,21,4243,STOPPED_AT,SE Orient Dr & Welch Rd
1694089703,12730365,84,0,,,84 To Gresham TC via 282nd,45.479107,-122.38922,23,9234,IN_TRANSIT_TO,SE Orient Dr & Salquist/Barnes
1694089733,12730365,84,0,,,84 To Gresham TC via 282nd,45.48268,-122.39332,23,9234,STOPPED_AT,SE Orient Dr & Salquist/Barnes
1694089763,12730365,84,0,,,84 To Gresham TC via 282nd,45.486008,-122.39709,25,13559,IN_TRANSIT_TO,SE 257th/Kane & 11th
1694089793,12730365,84,0,,,84 To Gresham TC via 282nd,45.4896,-122.39851,26,4720,IN_TRANSIT_TO,SE Powell Valley & Robin
1694089823,12730365,84,0,,,84 To Gresham TC via 282nd,45.492237,-122.4001,26,4720,IN_TRANSIT_TO,SE Powell Valley & Robin
1694089853,12730365,84,0,,,84 To Gresham TC via 282nd,45.493477,-122.404724,28,4518,IN_TRANSIT_TO,E Powell & SE Burnside
1694089883,12730365,84,0,,,84 To Gresham TC via 282nd,45.49398,-122.40704,28,4518,IN_TRANSIT_TO,E Powell & SE Burnside
1694089931,12730365,84,0,,,84 To Gresham TC via 282nd,45.49448,-122.40999,29,4546,STOPPED_AT,E Powell & SE Rene
1694089961,12730365,84,0,,,84 To Gresham TC via 282nd,45.496964,-122.41249,31,4528,IN_TRANSIT_TO,E Powell & NE Hogan
1694089991,12730365,84,0,,,84 To Gresham TC via 282nd,45.49785,-122.41366,31,4528,STOPPED_AT,E Powell & NE Hogan
1694090021,12730365,84,0,,,84 To Gresham TC via 282nd,45.497993,-122.417725,32,8461,IN_TRANSIT_TO,E Powell & NE Liberty
1694090051,12730365,84,0,,,84 To Gresham TC via 282nd,45.49809,-122.423584,34,13473,IN_TRANSIT_TO,E Powell & NE Elliott
1694090081,12730365,84,0,,,84 To Gresham TC via 282nd,45.49827,-122.42773,35,10657,IN_TRANSIT_TO,NE Hood & 2nd
1694090111,12730365,84,0,,,84 To Gresham TC via 282nd,45.499634,-122.428,36,10654,IN_TRANSIT_TO,NE Hood & 5th
1694090141,12730365,84,0,,,84 To Gresham TC via 282nd,45.500767,-122.42799,36,10654,IN_TRANSIT_TO,NE Hood & 5th
1694090172,12730365,84,0,,,84 To Gresham TC via 282nd,45.502815,-122.42797,37,10857,IN_TRANSIT_TO,Gresham Central Transit Center
1694090189,12730366,84,0,,,84 To SE 282nd Ave,45.502743,-122.426994,1,10857,STOPPED_AT,Gresham Central Transit Center
1694090220,12730366,84,0,,,84 To SE 282nd Ave,45.502743,-122.426994,1,10857,STOPPED_AT,Gresham Central Transit Center
1694090250,12730366,84,0,,,84 To SE 282nd Ave,45.502743,-122.426994,1,10857,STOPPED_AT,Gresham Central Transit Center
1694090279,12730366,84,0,,,84 To SE 282nd Ave,45.502743,-122.426994,1,10857,STOPPED_AT,Gresham Central Transit Center
1694090309,12730366,84,0,,,84 To SE 282nd Ave,45.502743,-122.426994,1,10857,STOPPED_AT,Gresham Central Transit Center
1694090340,12730366,84,0,,,84 To SE 282nd Ave,45.502743,-122.426994,1,10857,STOPPED_AT,Gresham Central Transit Center
1694090370,12730366,84,0,,,84 To SE 282nd Ave,45.502743,-122.426994,1,10857,STOPPED_AT,Gresham Central Transit Center
1694090399,12730366,84,0,,,84 To SE 282nd Ave,45.502743,-122.426994,1,10857,STOPPED_AT,Gresham Central Transit Center
1694090430,12730366,84,0,,,84 To SE 282nd Ave,45.502743,-122.426994,1,10857,STOPPED_AT,Gresham Central Transit Center
1694090460,12730366,84,0,,,84 To SE 282nd Ave,45.502743,-122.426994,1,10857,STOPPED_AT,Gresham Central Transit Center
1694090490,12730366,84,0,,,84 To SE 282nd Ave,45.502743,-122.426994,1,10857,STOPPED_AT,Gresham Central Transit Center
1694090520,12730366,84,0,,,84 To SE 282nd Ave,45.502743,-122.426994,1,10857,STOPPED_AT,Gresham Central Transit Center
1694090550,12730366,84,0,,,84 To SE 282nd Ave,45.502743,-122.426994,1,10857,STOPPED_AT,Gresham Central Transit Center
1694090580,12730366,84,0,,,84 To SE 282nd Ave,45.502743,-122.426994,1,10857,STOPPED_AT,Gresham Central Transit Center
1694090610,12730366,84,0,,,84 To SE 282nd Ave,45.502743,-122.426994,1,10857,STOPPED_AT,Gresham Central Transit Center
1694090640,12730366,84,0,,,84 To SE 282nd Ave,45.502743,-122.426994,1,10857,STOPPED_AT,Gresham Central Transit Center
1694090667,12730366,84,0,,,84 To SE 282nd Ave,45.502743,-122.426994,1,10857,STOPPED_AT,Gresham Central Transit Center
1694090697,12730366,84,0,,,84 To SE 282nd Ave,45.502743,-122.426994,1,10857,STOPPED_AT,Gresham Central Transit Center
1694090727,12730366,84,0,,,84 To SE 282nd Ave,45.502743,-122.426994,1,10857,STOPPED_AT,Gresham Central Transit Center
1694090757,12730366,84,0,,,84 To SE 282nd Ave,45.502743,-122.426994,1,10857,STOPPED_AT,Gresham Central Transit Center
1694090788,12730366,84,0,,,84 To SE 282nd Ave,45.50274,-122.42698,1,10857,STOPPED_AT,Gresham Central Transit Center
1694090817,12730366,84,0,,,84 To SE 282nd Ave,45.502678,-122.42665,1,10857,STOPPED_AT,Gresham Central Transit Center
1694090847,12730366,84,0,,,84 To SE 282nd Ave,45.502666,-122.42659,2,2253,STOPPED_AT,Gresham Central Transit Center
1694090878,12730366,84,0,,,84 To SE 282nd Ave,45.50293,-122.42667,3,13211,IN_TRANSIT_TO,NE Hood & 5th
1694090908,12730366,84,0,,,84 To SE 282nd Ave,45.502087,-122.42798,3,13211,IN_TRANSIT_TO,NE Hood & 5th
1694090938,12730366,84,0,,,84 To SE 282nd Ave,45.50045,-122.42799,4,13033,IN_TRANSIT_TO,NE Hood & 2nd
1694090968,12730366,84,0,,,84 To SE 282nd Ave,45.49908,-122.42777,4,13033,IN_TRANSIT_TO,NE Hood & 2nd
1694090998,12730366,84,0,,,84 To SE 282nd Ave,45.498,-122.42746,5,13474,IN_TRANSIT_TO,E Powell & NE Elliott
1694091028,12730366,84,0,,,84 To SE 282nd Ave,45.49803,-122.42213,6,4520,IN_TRANSIT_TO,E Powell & SE Cleveland
1694091058,12730366,84,0,,,84 To SE 282nd Ave,45.497982,-122.41651,8,4529,IN_TRANSIT_TO,E Powell & SE Hogan
1694091088,12730366,84,0,,,84 To SE 282nd Ave,45.496635,-122.41244,9,4639,IN_TRANSIT_TO,E Powell & SE 3rd
1694091136,12730366,84,0,,,84 To SE 282nd Ave,45.494423,-122.40966,10,4545,STOPPED_AT,E Powell & SE Rene
1694091166,12730366,84,0,,,84 To SE 282nd Ave,45.493786,-122.406075,11,4713,IN_TRANSIT_TO,2800 Block SE Powell Valley
1694091196,12730366,84,0,,,84 To SE 282nd Ave,45.493427,-122.404526,11,4713,IN_TRANSIT_TO,2800 Block SE Powell Valley
1694091226,12730366,84,0,,,84 To SE 282nd Ave,45.49228,-122.40022,13,8946,IN_TRANSIT_TO,SE Powell Valley & Greenway
1694091256,12730366,84,0,,,84 To SE 282nd Ave,45.49154,-122.397865,13,8946,IN_TRANSIT_TO,SE Powell Valley & Greenway
1694091286,12730366,84,0,,,84 To SE 282nd Ave,45.49035,-122.3931,13,8946,IN_TRANSIT_TO,SE Powell Valley & Greenway
1694091316,12730366,84,0,,,84 To Gresham TC via 282nd,45.490395,-122.38728,14,4718,IN_TRANSIT_TO,SE Powell Valley & Dogwood
1694091346,12730366,84,0,,,84 To Gresham TC via 282nd,45.489857,-122.38225,15,13551,IN_TRANSIT_TO,SE Powell Valley & Ironwood Flag Stop
1694091376,12730366,84,0,,,84 To Gresham TC via 282nd,45.48828,-122.37757,15,13551,IN_TRANSIT_TO,SE Powell Valley & Ironwood Flag Stop
1694091406,12730366,84,0,,,84 To Gresham TC via 282nd,45.48826,-122.37738,15,13551,STOPPED_AT,SE Powell Valley & Ironwood Flag Stop
1694091412,12730366,84,0,,,84 To Gresham TC via 282nd,45.48825,-122.377,16,4633,IN_TRANSIT_TO,SE Powell Valley & 282nd
1694091442,12730366,84,0,,,84 To Gresham TC via 282nd,45.488243,-122.373184,16,4633,IN_TRANSIT_TO,SE Powell Valley & 282nd
1694091472,12730366,84,0,,,84 To Gresham TC via 282nd,45.486614,-122.37271,17,13552,IN_TRANSIT_TO,SE 282nd & Salquist
1694091505,12730366,84,0,,,84 To Gresham TC via 282nd,45.48308,-122.372696,17,13552,IN_TRANSIT_TO,SE 282nd & Salquist
1694091536,12730366,84,0,,,84 To Gresham TC via 282nd,45.479767,-122.37271,18,7298,STOPPED_AT,SE 282nd & Chase
1694091566,12730366,84,0,,,84 To Gresham TC via 282nd,45.477436,-122.37273,19,13553,IN_TRANSIT_TO,SE 282nd & Welch Rd
1694091595,12730366,84,0,,,84 To Gresham TC via 282nd,45.473434,-122.37275,20,7303,IN_TRANSIT_TO,SE 282nd & Orient
1694091622,12730366,84,0,,,84 To Gresham TC via 282nd,45.47155,-122.372765,20,7303,STOPPED_AT,SE 282nd & Orient
1694091655,12730366,84,0,,,84 To Gresham TC via 282nd,45.471714,-122.3779,21,4243,IN_TRANSIT_TO,SE Orient Dr & Welch Rd
1694091683,12730366,84,0,,,84 To Gresham TC via 282nd,45.474335,-122.3838,21,4243,IN_TRANSIT_TO,SE Orient Dr & Welch Rd
1694091713,12730366,84,0,,,84 To Gresham TC via 282nd,45.477985,-122.38795,22,13558,IN_TRANSIT_TO,SE Orient Dr & Chase
1694091746,12730366,84,0,,,84 To Gresham TC via 282nd,45.481636,-122.392105,23,9234,IN_TRANSIT_TO,SE Orient Dr & Salquist/Barnes
1694091775,12730366,84,0,,,84 To Gresham TC via 282nd,45.484005,-122.394806,24,9644,IN_TRANSIT_TO,1700 Block SE Orient Dr
1694091806,12730366,84,0,,,84 To Gresham TC via 282nd,45.487007,-122.398056,25,13559,IN_TRANSIT_TO,SE 257th/Kane & 11th
1694091836,12730366,84,0,,,84 To Gresham TC via 282nd,45.490536,-122.39881,26,4720,IN_TRANSIT_TO,SE Powell Valley & Robin
1694091893,12730366,84,0,,,84 To Gresham TC via 282nd,45.49289,-122.402306,27,4714,IN_TRANSIT_TO,2800 Block SE Powell Valley
1694091923,12730366,84,0,,,84 To Gresham TC via 282nd,45.493595,-122.40524,28,4518,IN_TRANSIT_TO,E Powell & SE Burnside
1694091953,12730366,84,0,,,84 To Gresham TC via 282nd,45.493984,-122.40707,28,4518,IN_TRANSIT_TO,E Powell & SE Burnside
1694091983,12730366,84,0,,,84 To Gresham TC via 282nd,45.49457,-122.41022,30,4638,IN_TRANSIT_TO,E Powell & SE 3rd
1694092013,12730366,84,0,,,84 To Gresham TC via 282nd,45.49747,-122.41294,31,4528,IN_TRANSIT_TO,E Powell & NE Hogan
1694092043,12730366,84,0,,,84 To Gresham TC via 282nd,45.49788,-122.41377,31,4528,STOPPED_AT,E Powell & NE Hogan
1694092073,12730366,84,0,,,84 To Gresham TC via 282nd,45.49788,-122.41377,31,4528,STOPPED_AT,E Powell & NE Hogan
1694092082,12730366,84,0,,,84 To Gresham TC via 282nd,45.4979,-122.41407,32,8461,IN_TRANSIT_TO,E Powell & NE Liberty
1694092112,12730366,84,0,,,84 To Gresham TC via 282nd,45.49801,-122.41949,33,4521,IN_TRANSIT_TO,E Powell & NE Cleveland
1694092142,12730366,84,0,,,84 To Gresham TC via 282nd,45.49802,-122.42112,33,4521,IN_TRANSIT_TO,E Powell & NE Cleveland
1694092172,12730366,84,0,,,84 To Gresham TC via 282nd,45.49804,-122.42666,35,10657,IN_TRANSIT_TO,NE Hood & 2nd
1694092202,12730366,84,0,,,84 To Gresham TC via 282nd,45.498665,-122.427734,35,10657,IN_TRANSIT_TO,NE Hood & 2nd
1694092232,12730366,84,0,,,84 To Gresham TC via 282nd,45.498665,-122.427734,35,10657,IN_TRANSIT_TO,NE Hood & 2nd
1694092283,12730366,84,0,,,84 To Gresham TC via 282nd,45.49895,-122.42774,35,10657,STOPPED_AT,NE Hood & 2nd
1694092313,12730366,84,0,,,84 To Gresham TC via 282nd,45.500366,-122.42799,36,10654,IN_TRANSIT_TO,NE Hood & 5th
1694092343,12730366,84,0,,,84 To Gresham TC via 282nd,45.50225,-122.42798,37,10857,IN_TRANSIT_TO,Gresham Central Transit Center
1694092373,12730366,84,0,,,84 To Gresham TC via 282nd,45.502567,-122.42797,37,10857,IN_TRANSIT_TO,Gresham Central Transit Center
1694092403,12730366,84,0,,,84 To Gresham TC via 282nd,45.502865,-122.42797,37,10857,IN_TRANSIT_TO,Gresham Central Transit Center
1694092418,12730367,84,0,,,84 To SE 282nd Ave,45.50276,-122.42709,1,10857,STOPPED_AT,Gresham Central Transit Center
1694092448,12730367,84,0,,,84 To SE 282nd Ave,45.50276,-122.42709,1,10857,STOPPED_AT,Gresham Central Transit Center
1694092478,12730367,84,0,,,84 To SE 282nd Ave,45.50276,-122.42709,1,10857,STOPPED_AT,Gresham Central Transit Center
1694092508,12730367,84,0,,,84 To SE 282nd Ave,45.50276,-122.42709,1,10857,STOPPED_AT,Gresham Central Transit Center
1694092538,12730367,84,0,,,84 To SE 282nd Ave,45.50276,-122.42709,1,10857,STOPPED_AT,Gresham Central Transit Center
1694092568,12730367,84,0,,,84 To SE 282nd Ave,45.50276,-122.42709,1,10857,STOPPED_AT,Gresham Central Transit Center
1694092598,12730367,84,0,,,84 To SE 282nd Ave,45.50276,-122.42709,1,10857,STOPPED_AT,Gresham Central Transit Center
1694092625,12730367,84,0,,,84 To SE 282nd Ave,45.50276,-122.42709,1,10857,STOPPED_AT,Gresham Central Transit Center
1694092655,12730367,84,0,,,84 To SE 282nd Ave,45.50276,-122.42709,1,10857,STOPPED_AT,Gresham Central Transit Center
1694092685,12730367,84,0,,,84 To SE 282nd Ave,45.50276,-122.42709,1,10857,STOPPED_AT,Gresham Central Transit Center
1694092715,12730367,84,0,,,84 To SE 282nd Ave,45.50276,-122.42709,1,10857,STOPPED_AT,Gresham Central Transit Center
1694092748,12730367,84,0,,,84 To SE 282nd Ave,45.50276,-122.42709,1,10857,STOPPED_AT,Gresham Central Transit Center
1694092778,12730367,84,0,,,84 To SE 282nd Ave,45.50276,-122.42709,1,10857,STOPPED_AT,Gresham Central Transit Center
1694092808,12730367,84,0,,,84 To SE 282nd Ave,45.50276,-122.42709,1,10857,STOPPED_AT,Gresham Central Transit Center
1694092838,12730367,84,0,,,84 To SE 282nd Ave,45.50276,-122.42709,1,10857,STOPPED_AT,Gresham Central Transit Center
1694092868,12730367,84,0,,,84 To SE 282nd Ave,45.50276,-122.42709,1,10857,STOPPED_AT,Gresham Central Transit Center
1694092898,12730367,84,0,,,84 To SE 282nd Ave,45.50276,-122.42709,1,10857,STOPPED_AT,Gresham Central Transit Center
1694092928,12730367,84,0,,,84 To SE 282nd Ave,45.50276,-122.42709,1,10857,STOPPED_AT,Gresham Central Transit Center
1694092959,12730367,84,0,,,84 To SE 282nd Ave,45.50276,-122.42709,1,10857,STOPPED_AT,Gresham Central Transit Center
1694092989,12730367,84,0,,,84 To SE 282nd Ave,45.50276,-122.42709,1,10857,STOPPED_AT,Gresham Central Transit Center
1694093019,12730367,84,0,,,84 To SE 282nd Ave,45.50276,-122.42709,1,10857,STOPPED_AT,Gresham Central Transit Center
1694093048,12730367,84,0,,,84 To SE 282nd Ave,45.50276,-122.42709,1,10857,STOPPED_AT,Gresham Central Transit Center
1694093079,12730367,84,0,,,84 To SE 282nd Ave,45.50276,-122.42709,1,10857,STOPPED_AT,Gresham Central Transit Center
1694093109,12730367,84,0,,,84 To SE 282nd Ave,45.50276,-122.42709,1,10857,STOPPED_AT,Gresham Central Transit Center
1694093139,12730367,84,0,,,84 To SE 282nd Ave,45.50276,-122.42709,1,10857,STOPPED_AT,Gresham Central Transit Center
1694093169,12730367,84,0,,,84 To SE 282nd Ave,45.50276,-122.42709,1,10857,STOPPED_AT,Gresham Central Transit Center
1694093199,12730367,84,0,,,84 To SE 282nd Ave,45.502644,-122.42647,2,2253,STOPPED_AT,Gresham Central Transit Center
1694093229,12730367,84,0,,,84 To SE 282nd Ave,45.502922,-122.42745,3,13211,IN_TRANSIT_TO,NE Hood & 5th
1694093229,12730367,84,0,,,84 To SE 282nd Ave,45.502922,-122.42745,3,13211,IN_TRANSIT_TO,NE Hood & 5th
1694093295,12730367,84,0,,,84 To SE 282nd Ave,45.502922,-122.42745,3,13211,IN_TRANSIT_TO,NE Hood & 5th
1694093325,12730367,84,0,,,84 To SE 282nd Ave,45.498383,-122.42773,5,13474,IN_TRANSIT_TO,E Powell & NE Elliott
1694093355,12730367,84,0,,,84 To SE 282nd Ave,45.498066,-122.42773,5,13474,IN_TRANSIT_TO,E Powell & NE Elliott
1694093385,12730367,84,0,,,84 To SE 282nd Ave,45.49799,-122.42316,6,4520,IN_TRANSIT_TO,E Powell & SE Cleveland
1694093415,12730367,84,0,,,84 To SE 282nd Ave,45.497997,-122.418396,8,4529,IN_TRANSIT_TO,E Powell & SE Hogan
1694093445,12730367,84,0,,,84 To SE 282nd Ave,45.497913,-122.414154,9,4639,IN_TRANSIT_TO,E Powell & SE 3rd
1694093475,12730367,84,0,,,84 To SE 282nd Ave,45.497913,-122.414154,9,4639,IN_TRANSIT_TO,E Powell & SE 3rd
1694093505,12730367,84,0,,,84 To SE 282nd Ave,45.497486,-122.41315,9,4639,IN_TRANSIT_TO,E Powell & SE 3rd
1694093535,12730367,84,0,,,84 To SE 282nd Ave,45.49449,-122.41031,10,4545,IN_TRANSIT_TO,E Powell & SE Rene
1694093566,12730367,84,0,,,84 To SE 282nd Ave,45.49375,-122.40591,11,4713,IN_TRANSIT_TO,2800 Block SE Powell Valley
1694093593,12730367,84,0,,,84 To SE 282nd Ave,45.49375,-122.40591,11,4713,IN_TRANSIT_TO,2800 Block SE Powell Valley
1694093623,12730367,84,0,,,84 To SE 282nd Ave,45.49375,-122.40591,11,4713,IN_TRANSIT_TO,2800 Block SE Powell Valley
1694093653,12730367,84,0,,,84 To SE 282nd Ave,45.49301,-122.40281,12,4715,IN_TRANSIT_TO,SE Powell Valley & Hale
1694093683,12730367,84,0,,,84 To SE 282nd Ave,45.49202,-122.39942,13,8946,IN_TRANSIT_TO,SE Powell Valley & Greenway
1694093713,12730367,84,0,,,84 To SE 282nd Ave,45.490726,-122.39511,13,8946,IN_TRANSIT_TO,SE Powell Valley & Greenway
1694093743,12730367,84,0,,,84 To SE 282nd Ave,45.490402,-122.38924,13,8946,IN_TRANSIT_TO,SE Powell Valley & Greenway
1694093773,12730367,84,0,,,84 To Gresham TC via 282nd,45.490116,-122.38327,15,13551,IN_TRANSIT_TO,SE Powell Valley & Ironwood Flag Stop
1694093803,12730367,84,0,,,84 To Gresham TC via 282nd,45.48825,-122.37696,16,4633,IN_TRANSIT_TO,SE Powell Valley & 282nd
1694093833,12730367,84,0,,,84 To Gresham TC via 282nd,45.48815,-122.37272,17,13552,IN_TRANSIT_TO,SE 282nd & Salquist
1694093863,12730367,84,0,,,84 To Gresham TC via 282nd,45.484367,-122.372696,17,13552,IN_TRANSIT_TO,SE 282nd & Salquist
1694093893,12730367,84,0,,,84 To Gresham TC via 282nd,45.480114,-122.37271,18,7298,IN_TRANSIT_TO,SE 282nd & Chase
1694093923,12730367,84,0,,,84 To Gresham TC via 282nd,45.4775,-122.37273,19,13553,IN_TRANSIT_TO,SE 282nd & Welch Rd
1694093953,12730367,84,0,,,84 To Gresham TC via 282nd,45.473167,-122.37275,20,7303,IN_TRANSIT_TO,SE 282nd & Orient
1694093983,12730367,84,0,,,84 To Gresham TC via 282nd,45.47155,-122.372765,20,7303,STOPPED_AT,SE 282nd & Orient
1694094013,12730367,84,0,,,84 To Gresham TC via 282nd,45.47178,-122.37853,21,4243,IN_TRANSIT_TO,SE Orient Dr & Welch Rd
1694094043,12730367,84,0,,,84 To Gresham TC via 282nd,45.474888,-122.38442,21,4243,IN_TRANSIT_TO,SE Orient Dr & Welch Rd
1694094091,12730367,84,0,,,84 To Gresham TC via 282nd,45.478893,-122.388985,23,9234,IN_TRANSIT_TO,SE Orient Dr & Salquist/Barnes
1694094124,12730367,84,0,,,84 To Gresham TC via 282nd,45.481922,-122.39244,23,9234,IN_TRANSIT_TO,SE Orient Dr & Salquist/Barnes
1694094154,12730367,84,0,,,84 To Gresham TC via 282nd,45.48501,-122.39594,24,9644,IN_TRANSIT_TO,1700 Block SE Orient Dr
1694094178,12730367,84,0,,,84 To Gresham TC via 282nd,45.485382,-122.39637,24,9644,STOPPED_AT,1700 Block SE Orient Dr
1694094209,12730367,84,0,,,84 To Gresham TC via 282nd,45.488365,-122.398445,25,13559,IN_TRANSIT_TO,SE 257th/Kane & 11th
1694094238,12730367,84,0,,,84 To Gresham TC via 282nd,45.491665,-122.39884,26,4720,IN_TRANSIT_TO,SE Powell Valley & Robin
1694094268,12730367,84,0,,,84 To Gresham TC via 282nd,45.491684,-122.39884,26,4720,IN_TRANSIT_TO,SE Powell Valley & Robin
1694094298,12730367,84,0,,,84 To Gresham TC via 282nd,45.49278,-122.40182,26,4720,STOPPED_AT,SE Powell Valley & Robin
1694094320,12730367,84,0,,,84 To Gresham TC via 282nd,45.492847,-122.40212,27,4714,IN_TRANSIT_TO,2800 Block SE Powell Valley
1694094349,12730367,84,0,,,84 To Gresham TC via 282nd,45.493546,-122.40503,28,4518,IN_TRANSIT_TO,E Powell & SE Burnside
1694094379,12730367,84,0,,,84 To Gresham TC via 282nd,45.493813,-122.406204,28,4518,IN_TRANSIT_TO,E Powell & SE Burnside
1694094425,12730367,84,0,,,84 To Gresham TC via 282nd,45.49458,-122.410255,30,4638,IN_TRANSIT_TO,E Powell & SE 3rd
1694094455,12730367,84,0,,,84 To Gresham TC via 282nd,45.497402,-122.41286,31,4528,IN_TRANSIT_TO,E Powell & NE Hogan
1694094485,12730367,84,0,,,84 To Gresham TC via 282nd,45.4979,-122.41383,31,4528,STOPPED_AT,E Powell & NE Hogan
1694094515,12730367,84,0,,,84 To Gresham TC via 282nd,45.498,-122.41887,33,4521,IN_TRANSIT_TO,E Powell & NE Cleveland
1694094545,12730367,84,0,,,84 To Gresham TC via 282nd,45.498096,-122.4244,34,13473,STOPPED_AT,E Powell & NE Elliott
1694094575,12730367,84,0,,,84 To Gresham TC via 282nd,45.49845,-122.42773,35,10657,IN_TRANSIT_TO,NE Hood & 2nd
1694094605,12730367,84,0,,,84 To Gresham TC via 282nd,45.499916,-122.42799,36,10654,IN_TRANSIT_TO,NE Hood & 5th
1694094635,12730367,84,0,,,84 To Gresham TC via 282nd,45.501385,-122.427986,37,10857,IN_TRANSIT_TO,Gresham Central Transit Center
1694094668,12730368,84,0,,,84 To SE 282nd Ave,45.502743,-122.426994,1,10857,STOPPED_AT,Gresham Central Transit Center
1694094698,12730368,84,0,,,84 To SE 282nd Ave,45.502743,-122.426994,1,10857,STOPPED_AT,Gresham Central Transit Center
1694094728,12730368,84,0,,,84 To SE 282nd Ave,45.502743,-122.426994,1,10857,STOPPED_AT,Gresham Central Transit Center
1694094758,12730368,84,0,,,84 To SE 282nd Ave,45.502743,-122.426994,1,10857,STOPPED_AT,Gresham Central Transit Center
1694094788,12730368,84,0,,,84 To SE 282nd Ave,45.502743,-122.426994,1,10857,STOPPED_AT,Gresham Central Transit Center
1694094818,12730368,84,0,,,84 To SE 282nd Ave,45.502743,-122.426994,1,10857,STOPPED_AT,Gresham Central Transit Center
1694094848,12730368,84,0,,,84 To SE 282nd Ave,45.502743,-122.426994,1,10857,STOPPED_AT,Gresham Central Transit Center
1694094878,12730368,84,0,,,84 To SE 282nd Ave,45.502743,-122.426994,1,10857,STOPPED_AT,Gresham Central Transit Center
1694094908,12730368,84,0,,,84 To SE 282nd Ave,45.502743,-122.426994,1,10857,STOPPED_AT,Gresham Central Transit Center
1694094938,12730368,84,0,,,84 To SE 282nd Ave,45.502743,-122.426994,1,10857,STOPPED_AT,Gresham Central Transit Center
1694094968,12730368,84,0,,,84 To SE 282nd Ave,45.502743,-122.426994,1,10857,STOPPED_AT,Gresham Central Transit Center
1694094998,12730368,84,0,,,84 To SE 282nd Ave,45.502743,-122.426994,1,10857,STOPPED_AT,Gresham Central Transit Center
1694095028,12730368,84,0,,,84 To SE 282nd Ave,45.502743,-122.426994,1,10857,STOPPED_AT,Gresham Central Transit Center
1694095058,12730368,84,0,,,84 To SE 282nd Ave,45.502743,-122.426994,1,10857,STOPPED_AT,Gresham Central Transit Center
1694095088,12730368,84,0,,,84 To SE 282nd Ave,45.502743,-122.426994,1,10857,STOPPED_AT,Gresham Central Transit Center
1694095118,12730368,84,0,,,84 To SE 282nd Ave,45.502743,-122.426994,1,10857,STOPPED_AT,Gresham Central Transit Center
1694095148,12730368,84,0,,,84 To SE 282nd Ave,45.502743,-122.426994,1,10857,STOPPED_AT,Gresham Central Transit Center
1694095179,12730368,84,0,,,84 To SE 282nd Ave,45.502743,-122.426994,1,10857,STOPPED_AT,Gresham Central Transit Center
1694095209,12730368,84,0,,,84 To SE 282nd Ave,45.502743,-122.426994,1,10857,STOPPED_AT,Gresham Central Transit Center
1694095239,12730368,84,0,,,84 To SE 282nd Ave,45.502743,-122.426994,1,10857,STOPPED_AT,Gresham Central Transit Center
1694095269,12730368,84,0,,,84 To SE 282nd Ave,45.502743,-122.426994,1,10857,STOPPED_AT,Gresham Central Transit Center
1694095299,12730368,84,0,,,84 To SE 282nd Ave,45.502743,-122.426994,1,10857,STOPPED_AT,Gresham Central Transit Center
1694095329,12730368,84,0,,,84 To SE 282nd Ave,45.502743,-122.426994,1,10857,STOPPED_AT,Gresham Central Transit Center
1694095359,12730368,84,0,,,84 To SE 282nd Ave,45.502743,-122.426994,1,10857,STOPPED_AT,Gresham Central Transit Center
1694095389,12730368,84,0,,,84 To SE 282nd Ave,45.502743,-122.426994,1,10857,STOPPED_AT,Gresham Central Transit Center
1694095419,12730368,84,0,,,84 To SE 282nd Ave,45.502743,-122.426994,1,10857,STOPPED_AT,Gresham Central Transit Center
1694095449,12730368,84,0,,,84 To SE 282nd Ave,45.502743,-122.426994,1,10857,STOPPED_AT,Gresham Central Transit Center
1694095479,12730368,84,0,,,84 To SE 282nd Ave,45.502743,-122.426994,1,10857,STOPPED_AT,Gresham Central Transit Center
1694095509,12730368,84,0,,,84 To SE 282nd Ave,45.502743,-122.426994,1,10857,STOPPED_AT,Gresham Central Transit Center
1694095539,12730368,84,0,,,84 To SE 282nd Ave,45.502743,-122.426994,1,10857,STOPPED_AT,Gresham Central Transit Center
1694095569,12730368,84,0,,,84 To SE 282nd Ave,45.502743,-122.426994,1,10857,STOPPED_AT,Gresham Central Transit Center
1694095599,12730368,84,0,,,84 To SE 282nd Ave,45.502743,-122.426994,1,10857,STOPPED_AT,Gresham Central Transit Center
1694095629,12730368,84,0,,,84 To SE 282nd Ave,45.502743,-122.426994,1,10857,STOPPED_AT,Gresham Central Transit Center
1694095659,12730368,84,0,,,84 To SE 282nd Ave,45.502743,-122.426994,1,10857,STOPPED_AT,Gresham Central Transit Center
1694095689,12730368,84,0,,,84 To SE 282nd Ave,45.502743,-122.426994,1,10857,STOPPED_AT,Gresham Central Transit Center
1694095719,12730368,84,0,,,84 To SE 282nd Ave,45.502743,-122.426994,1,10857,STOPPED_AT,Gresham Central Transit Center
1694095749,12730368,84,0,,,84 To SE 282nd Ave,45.502743,-122.426994,1,10857,STOPPED_AT,Gresham Central Transit Center
1694095780,12730368,84,0,,,84 To SE 282nd Ave,45.502743,-122.426994,1,10857,STOPPED_AT,Gresham Central Transit Center
1694095807,12730368,84,0,,,84 To SE 282nd Ave,45.50275,-122.42625,3,13211,IN_TRANSIT_TO,NE Hood & 5th
1694095836,12730368,84,0,,,84 To SE 282nd Ave,45.50292,-122.42775,3,13211,IN_TRANSIT_TO,NE Hood & 5th
1694095867,12730368,84,0,,,84 To SE 282nd Ave,45.500984,-122.427986,3,13211,STOPPED_AT,NE Hood & 5th
1694095897,12730368,84,0,,,84 To SE 282nd Ave,45.499584,-122.42799,4,13033,IN_TRANSIT_TO,NE Hood & 2nd
1694095924,12730368,84,0,,,84 To SE 282nd Ave,45.49817,-122.42773,5,13474,IN_TRANSIT_TO,E Powell & NE Elliott
1694095954,12730368,84,0,,,84 To SE 282nd Ave,45.49815,-122.42773,5,13474,IN_TRANSIT_TO,E Powell & NE Elliott
1694095984,12730368,84,0,,,84 To SE 282nd Ave,45.497986,-122.42294,6,4520,IN_TRANSIT_TO,E Powell & SE Cleveland
1694096014,12730368,84,0,,,84 To SE 282nd Ave,45.497982,-122.41603,8,4529,IN_TRANSIT_TO,E Powell & SE Hogan
1694096044,12730368,84,0,,,84 To SE 282nd Ave,45.49796,-122.41456,8,4529,STOPPED_AT,E Powell & SE Hogan
1694096074,12730368,84,0,,,84 To SE 282nd Ave,45.497925,-122.41423,9,4639,IN_TRANSIT_TO,E Powell & SE 3rd
1694096122,12730368,84,0,,,84 To SE 282nd Ave,45.495384,-122.41179,10,4545,IN_TRANSIT_TO,E Powell & SE Rene
1694096152,12730368,84,0,,,84 To SE 282nd Ave,45.49385,-122.40637,11,4713,IN_TRANSIT_TO,2800 Block SE Powell Valley
1694096179,12730368,84,0,,,84 To SE 282nd Ave,45.49378,-122.40603,11,4713,IN_TRANSIT_TO,2800 Block SE Powell Valley
1694096212,12730368,84,0,,,84 To SE 282nd Ave,45.49378,-122.40603,11,4713,IN_TRANSIT_TO,2800 Block SE Powell Valley
1694096242,12730368,84,0,,,84 To SE 282nd Ave,45.49363,-122.40539,11,4713,IN_TRANSIT_TO,2800 Block SE Powell Valley
1694096272,12730368,84,0,,,84 To SE 282nd Ave,45.492424,-122.40067,13,8946,IN_TRANSIT_TO,SE Powell Valley & Greenway
1694096299,12730368,84,0,,,84 To SE 282nd Ave,45.492115,-122.39971,13,8946,IN_TRANSIT_TO,SE Powell Valley & Greenway
1694096332,12730368,84,0,,,84 To SE 282nd Ave,45.492104,-122.39968,13,8946,IN_TRANSIT_TO,SE Powell Valley & Greenway
1694096359,12730368,84,0,,,84 To SE 282nd Ave,45.49124,-122.39685,13,8946,IN_TRANSIT_TO,SE Powell Valley & Greenway
1694096389,12730368,84,0,,,84 To SE 282nd Ave,45.490368,-122.39162,13,8946,IN_TRANSIT_TO,SE Powell Valley & Greenway
1694096419,12730368,84,0,,,84 To Gresham TC via 282nd,45.49031,-122.38553,14,4718,IN_TRANSIT_TO,SE Powell Valley & Dogwood
1694096449,12730368,84,0,,,84 To Gresham TC via 282nd,45.488983,-122.379524,15,13551,IN_TRANSIT_TO,SE Powell Valley & Ironwood Flag Stop
1694096479,12730368,84,0,,,84 To Gresham TC via 282nd,45.48825,-122.37667,16,4633,IN_TRANSIT_TO,SE Powell Valley & 282nd
1694096510,12730368,84,0,,,84 To Gresham TC via 282nd,45.48825,-122.37593,16,4633,IN_TRANSIT_TO,SE Powell Valley & 282nd
1694096539,12730368,84,0,,,84 To Gresham TC via 282nd,45.488247,-122.37552,16,4633,IN_TRANSIT_TO,SE Powell Valley & 282nd
1694096572,12730368,84,0,,,84 To Gresham TC via 282nd,45.488247,-122.37552,16,4633,IN_TRANSIT_TO,SE Powell Valley & 282nd
1694096602,12730368,84,0,,,84 To Gresham TC via 282nd,45.488247,-122.375046,16,4633,IN_TRANSIT_TO,SE Powell Valley & 282nd
1694096632,12730368,84,0,,,84 To Gresham TC via 282nd,45.488247,-122.37455,16,4633,IN_TRANSIT_TO,SE Powell Valley & 282nd
1694096662,12730368,84,0,,,84 To Gresham TC via 282nd,45.488243,-122.3738,16,4633,IN_TRANSIT_TO,SE Powell Valley & 282nd
1694096692,12730368,84,0,,,84 To Gresham TC via 282nd,45.488243,-122.37282,16,4633,STOPPED_AT,SE Powell Valley & 282nd
1694096722,12730368,84,0,,,84 To Gresham TC via 282nd,45.486614,-122.37271,17,13552,IN_TRANSIT_TO,SE 282nd & Salquist
1694096753,12730368,84,0,,,84 To Gresham TC via 282nd,45.4844,-122.372696,17,13552,IN_TRANSIT_TO,SE 282nd & Salquist
1694096783,12730368,84,0,,,84 To Gresham TC via 282nd,45.480183,-122.37271,18,7298,IN_TRANSIT_TO,SE 282nd & Chase
1694096813,12730368,84,0,,,84 To Gresham TC via 282nd,45.478146,-122.37273,19,13553,IN_TRANSIT_TO,SE 282nd & Welch Rd
1694096842,12730368,84,0,,,84 To Gresham TC via 282nd,45.474064,-122.37275,20,7303,IN_TRANSIT_TO,SE 282nd & Orient
1694096873,12730368,84,0,,,84 To Gresham TC via 282nd,45.47151,-122.37416,21,4243,IN_TRANSIT_TO,SE Orient Dr & Welch Rd
1694096903,12730368,84,0,,,84 To Gresham TC via 282nd,45.47267,-122.38151,21,4243,IN_TRANSIT_TO,SE Orient Dr & Welch Rd
1694096930,12730368,84,0,,,84 To Gresham TC via 282nd,45.475697,-122.385345,21,4243,IN_TRANSIT_TO,SE Orient Dr & Welch Rd
1694096957,12730368,84,0,,,84 To Gresham TC via 282nd,45.475952,-122.385635,21,4243,STOPPED_AT,SE Orient Dr & Welch Rd
1694096987,12730368,84,0,,,84 To Gresham TC via 282nd,45.47995,-122.39018,23,9234,IN_TRANSIT_TO,SE Orient Dr & Salquist/Barnes
1694097017,12730368,84,0,,,84 To Gresham TC via 282nd,45.482677,-122.39331,23,9234,STOPPED_AT,SE Orient Dr & Salquist/Barnes
1694097047,12730368,84,0,,,84 To Gresham TC via 282nd,45.48635,-122.39739,25,13559,IN_TRANSIT_TO,SE 257th/Kane & 11th
1694097086,12730368,84,0,,,84 To Gresham TC via 282nd,45.488934,-122.398445,26,4720,IN_TRANSIT_TO,SE Powell Valley & Robin
1694097113,12730368,84,0,,,84 To Gresham TC via 282nd,45.4917,-122.39884,26,4720,IN_TRANSIT_TO,SE Powell Valley & Robin
1694097143,12730368,84,0,,,84 To Gresham TC via 282nd,45.493237,-122.403694,27,4714,STOPPED_AT,2800 Block SE Powell Valley
1694097173,12730368,84,0,,,84 To Gresham TC via 282nd,45.493576,-122.40516,28,4518,IN_TRANSIT_TO,E Powell & SE Burnside
1694097203,12730368,84,0,,,84 To Gresham TC via 282nd,45.493576,-122.40516,28,4518,IN_TRANSIT_TO,E Powell & SE Burnside
1694097233,12730368,84,0,,,84 To Gresham TC via 282nd,45.493576,-122.40516,28,4518,IN_TRANSIT_TO,E Powell & SE Burnside
1694097263,12730368,84,0,,,84 To Gresham TC via 282nd,45.493576,-122.40516,28,4518,IN_TRANSIT_TO,E Powell & SE Burnside
1694097293,12730368,84,0,,,84 To Gresham TC via 282nd,45.493797,-122.406136,28,4518,IN_TRANSIT_TO,E Powell & SE Burnside
1694097326,12730368,84,0,,,84 To Gresham TC via 282nd,45.494198,-122.40804,29,4546,IN_TRANSIT_TO,E Powell & SE Rene
1694097357,12730368,84,0,,,84 To Gresham TC via 282nd,45.49445,-122.40983,29,4546,STOPPED_AT,E Powell & SE Rene
1694097386,12730368,84,0,,,84 To Gresham TC via 282nd,45.494595,-122.41034,30,4638,IN_TRANSIT_TO,E Powell & SE 3rd
1694097416,12730368,84,0,,,84 To Gresham TC via 282nd,45.497562,-122.41306,31,4528,IN_TRANSIT_TO,E Powell & NE Hogan
1694097446,12730368,84,0,,,84 To Gresham TC via 282nd,45.497856,-122.41368,31,4528,STOPPED_AT,E Powell & NE Hogan
1694097470,12730368,84,0,,,84 To Gresham TC via 282nd,45.497894,-122.41385,31,4528,STOPPED_AT,E Powell & NE Hogan
1694097500,12730368,84,0,,,84 To Gresham TC via 282nd,45.497997,-122.4182,32,8461,STOPPED_AT,E Powell & NE Liberty
1694097545,12730368,84,0,,,84 To Gresham TC via 282nd,45.498016,-122.42067,33,4521,IN_TRANSIT_TO,E Powell & NE Cleveland
1694097575,12730368,84,0,,,84 To Gresham TC via 282nd,45.498096,-122.42417,34,13473,IN_TRANSIT_TO,E Powell & NE Elliott
1694097605,12730368,84,0,,,84 To Gresham TC via 282nd,45.498318,-122.42773,35,10657,IN_TRANSIT_TO,NE Hood & 2nd
1694097636,12730368,84,0,,,84 To Gresham TC via 282nd,45.49897,-122.42774,35,10657,STOPPED_AT,NE Hood & 2nd
1694097639,12730368,84,0,,,84 To Gresham TC via 282nd,45.499054,-122.42776,36,10654,IN_TRANSIT_TO,NE Hood & 5th
1694097669,12730368,84,0,,,84 To Gresham TC via 282nd,45.500465,-122.42799,36,10654,IN_TRANSIT_TO,NE Hood & 5th
1694097698,12730368,84,0,,,84 To Gresham TC via 282nd,45.5025,-122.42797,37,10857,IN_TRANSIT_TO,Gresham Central Transit Center
1694097752,12730369,84,0,,,84 To SE 282nd Ave,45.50276,-122.42709,1,10857,STOPPED_AT,Gresham Central Transit Center
1694097783,12730369,84,0,,,84 To SE 282nd Ave,45.50276,-122.42709,1,10857,STOPPED_AT,Gresham Central Transit Center
1694097813,12730369,84,0,,,84 To SE 282nd Ave,45.502644,-122.42647,1,10857,STOPPED_AT,Gresham Central Transit Center
1694097843,12730369,84,0,,,84 To SE 282nd Ave,45.502644,-122.42647,1,10857,STOPPED_AT,Gresham Central Transit Center
1694097873,12730369,84,0,,,84 To SE 282nd Ave,45.502644,-122.42647,1,10857,STOPPED_AT,Gresham Central Transit Center
1694097903,12730369,84,0,,,84 To SE 282nd Ave,45.502644,-122.42647,1,10857,STOPPED_AT,Gresham Central Transit Center
1694097933,12730369,84,0,,,84 To SE 282nd Ave,45.502644,-122.42647,2,2253,STOPPED_AT,Gresham Central Transit Center
1694097963,12730369,84,0,,,84 To SE 282nd Ave,45.50293,-122.42657,3,13211,IN_TRANSIT_TO,NE Hood & 5th
1694097963,12730369,84,0,,,84 To SE 282nd Ave,45.50293,-122.42657,3,13211,IN_TRANSIT_TO,NE Hood & 5th
1694098023,12730369,84,0,,,84 To SE 282nd Ave,45.5004,-122.42799,4,13033,IN_TRANSIT_TO,NE Hood & 2nd
1694098053,12730369,84,0,,,84 To SE 282nd Ave,45.498985,-122.42775,4,13033,IN_TRANSIT_TO,NE Hood & 2nd
1694098083,12730369,84,0,,,84 To SE 282nd Ave,45.49806,-122.42554,5,13474,IN_TRANSIT_TO,E Powell & NE Elliott
1694098114,12730369,84,0,,,84 To SE 282nd Ave,45.498005,-122.41915,7,4531,IN_TRANSIT_TO,E Powell & NE Liberty
1694098144,12730369,84,0,,,84 To SE 282nd Ave,45.497948,-122.41442,8,4529,STOPPED_AT,E Powell & SE Hogan
1694098174,12730369,84,0,,,84 To SE 282nd Ave,45.497948,-122.41442,8,4529,STOPPED_AT,E Powell & SE Hogan
1694098203,12730369,84,0,,,84 To SE 282nd Ave,45.497456,-122.41311,9,4639,IN_TRANSIT_TO,E Powell & SE 3rd
1694098234,12730369,84,0,,,84 To SE 282nd Ave,45.49457,-122.41064,10,4545,IN_TRANSIT_TO,E Powell & SE Rene
1694098264,12730369,84,0,,,84 To SE 282nd Ave,45.493847,-122.40634,11,4713,IN_TRANSIT_TO,2800 Block SE Powell Valley
1694098294,12730369,84,0,,,84 To SE 282nd Ave,45.49323,-122.40367,11,4713,IN_TRANSIT_TO,2800 Block SE Powell Valley
1694098324,12730369,84,0,,,84 To SE 282nd Ave,45.49323,-122.40367,11,4713,IN_TRANSIT_TO,2800 Block SE Powell Valley
1694098345,12730369,84,0,,,84 To SE 282nd Ave,45.493122,-122.403244,12,4715,IN_TRANSIT_TO,SE Powell Valley & Hale
1694098375,12730369,84,0,,,84 To SE 282nd Ave,45.492046,-122.3995,13,8946,IN_TRANSIT_TO,SE Powell Valley & Greenway
1694098402,12730369,84,0,,,84 To SE 282nd Ave,45.49103,-122.39613,13,8946,IN_TRANSIT_TO,SE Powell Valley & Greenway
1694098432,12730369,84,0,,,84 To SE 282nd Ave,45.49037,-122.391365,13,8946,IN_TRANSIT_TO,SE Powell Valley & Greenway
1694098462,12730369,84,0,,,84 To Gresham TC via 282nd,45.49032,-122.3857,14,4718,IN_TRANSIT_TO,SE Powell Valley & Dogwood
1694098492,12730369,84,0,,,84 To Gresham TC via 282nd,45.4897,-122.38164,15,13551,IN_TRANSIT_TO,SE Powell Valley & Ironwood Flag Stop
1694098522,12730369,84,0,,,84 To Gresham TC via 282nd,45.488262,-122.37741,15,13551,STOPPED_AT,SE Powell Valley & Ironwood Flag Stop
1694098546,12730369,84,0,,,84 To Gresham TC via 282nd,45.48825,-122.37698,16,4633,IN_TRANSIT_TO,SE Powell Valley & 282nd
1694098576,12730369,84,0,,,84 To Gresham TC via 282nd,45.488243,-122.3734,16,4633,IN_TRANSIT_TO,SE Powell Valley & 282nd
1694098606,12730369,84,0,,,84 To Gresham TC via 282nd,45.487278,-122.37271,17,13552,IN_TRANSIT_TO,SE 282nd & Salquist
1694098636,12730369,84,0,,,84 To Gresham TC via 282nd,45.484005,-122.372696,17,13552,IN_TRANSIT_TO,SE 282nd & Salquist
1694098666,12730369,84,0,,,84 To Gresham TC via 282nd,45.480648,-122.3727,18,7298,IN_TRANSIT_TO,SE 282nd & Chase
1694098697,12730369,84,0,,,84 To Gresham TC via 282nd,45.47865,-122.37272,19,13553,IN_TRANSIT_TO,SE 282nd & Welch Rd
1694098727,12730369,84,0,,,84 To Gresham TC via 282nd,45.475533,-122.37274,20,7303,IN_TRANSIT_TO,SE 282nd & Orient
1694098756,12730369,84,0,,,84 To Gresham TC via 282nd,45.472168,-122.37276,20,7303,IN_TRANSIT_TO,SE 282nd & Orient
1694098804,12730369,84,0,,,84 To Gresham TC via 282nd,45.4717,-122.372765,20,7303,STOPPED_AT,SE 282nd & Orient
1694098820,12730369,84,0,,,84 To Gresham TC via 282nd,45.471455,-122.37304,21,4243,IN_TRANSIT_TO,SE Orient Dr & Welch Rd
1694098850,12730369,84,0,,,84 To Gresham TC via 282nd,45.471786,-122.37858,21,4243,IN_TRANSIT_TO,SE Orient Dr & Welch Rd
1694098906,12730369,84,0,,,84 To Gresham TC via 282nd,45.475853,-122.38553,21,4243,STOPPED_AT,SE Orient Dr & Welch Rd
1694098913,12730369,84,0,,,84 To Gresham TC via 282nd,45.475952,-122.385635,21,4243,STOPPED_AT,SE Orient Dr & Welch Rd
1694098943,12730369,84,0,,,84 To Gresham TC via 282nd,45.47917,-122.3893,23,9234,IN_TRANSIT_TO,SE Orient Dr & Salquist/Barnes
1694098973,12730369,84,0,,,84 To Gresham TC via 282nd,45.48293,-122.3936,24,9644,IN_TRANSIT_TO,1700 Block SE Orient Dr
1694099014,12730369,84,0,,,84 To Gresham TC via 282nd,45.4855,-122.39651,25,13559,IN_TRANSIT_TO,SE 257th/Kane & 11th
1694099045,12730369,84,0,,,84 To Gresham TC via 282nd,45.4883,-122.398445,25,13559,IN_TRANSIT_TO,SE 257th/Kane & 11th
1694099075,12730369,84,0,,,84 To Gresham TC via 282nd,45.4889,-122.398445,26,4720,IN_TRANSIT_TO,SE Powell Valley & Robin
1694099105,12730369,84,0,,,84 To Gresham TC via 282nd,45.491768,-122.39884,26,4720,IN_TRANSIT_TO,SE Powell Valley & Robin
1694099135,12730369,84,0,,,84 To Gresham TC via 282nd,45.492443,-122.40073,26,4720,IN_TRANSIT_TO,SE Powell Valley & Robin
1694099165,12730369,84,0,,,84 To Gresham TC via 282nd,45.49344,-122.404564,28,4518,IN_TRANSIT_TO,E Powell & SE Burnside
1694099195,12730369,84,0,,,84 To Gresham TC via 282nd,45.494427,-122.409676,29,4546,STOPPED_AT,E Powell & SE Rene
1694099225,12730369,84,0,,,84 To Gresham TC via 282nd,45.4974,-122.41286,31,4528,IN_TRANSIT_TO,E Powell & NE Hogan
1694099255,12730369,84,0,,,84 To Gresham TC via 282nd,45.49778,-122.41347,31,4528,IN_TRANSIT_TO,E Powell & NE Hogan
1694099285,12730369,84,0,,,84 To Gresham TC via 282nd,45.49778,-122.41347,31,4528,IN_TRANSIT_TO,E Powell & NE Hogan
1694099315,12730369,84,0,,,84 To Gresham TC via 282nd,45.49788,-122.41377,31,4528,STOPPED_AT,E Powell & NE Hogan
1694099345,12730369,84,0,,,84 To Gresham TC via 282nd,45.49788,-122.41377,31,4528,STOPPED_AT,E Powell & NE Hogan
1694099375,12730369,84,0,,,84 To Gresham TC via 282nd,45.49788,-122.41377,31,4528,STOPPED_AT,E Powell & NE Hogan
1694099414,12730369,84,0,,,84 To Gresham TC via 282nd,45.497913,-122.414154,32,8461,IN_TRANSIT_TO,E Powell & NE Liberty
1694099444,12730369,84,0,,,84 To Gresham TC via 282nd,45.498013,-122.420135,33,4521,IN_TRANSIT_TO,E Powell & NE Cleveland
1694099474,12730369,84,0,,,84 To Gresham TC via 282nd,45.498043,-122.42661,35,10657,IN_TRANSIT_TO,NE Hood & 2nd
1694099504,12730369,84,0,,,84 To Gresham TC via 282nd,45.498936,-122.42774,35,10657,STOPPED_AT,NE Hood & 2nd
1694099534,12730369,84,0,,,84 To Gresham TC via 282nd,45.5004,-122.42799,36,10654,IN_TRANSIT_TO,NE Hood & 5th
1694099564,12730369,84,0,,,84 To Gresham TC via 282nd,45.502567,-122.42797,37,8199,IN_TRANSIT_TO,Gresham Central Transit Center
1694123413,12730355,84,0,,,84 To SE 282nd Ave,45.50276,-122.42709,1,10857,STOPPED_AT,Gresham Central Transit Center
1694123443,12730355,84,0,,,84 To SE 282nd Ave,45.50276,-122.42709,1,10857,STOPPED_AT,Gresham Central Transit Center
1694123473,12730355,84,0,,,84 To SE 282nd Ave,45.50276,-122.42709,1,10857,STOPPED_AT,Gresham Central Transit Center
1694123503,12730355,84,0,,,84 To SE 282nd Ave,45.50276,-122.42709,1,10857,STOPPED_AT,Gresham Central Transit Center
1694123533,12730355,84,0,,,84 To SE 282nd Ave,45.50276,-122.42709,1,10857,STOPPED_AT,Gresham Central Transit Center
1694123563,12730355,84,0,,,84 To SE 282nd Ave,45.50276,-122.42709,1,10857,STOPPED_AT,Gresham Central Transit Center
1694123594,12730355,84,0,,,84 To SE 282nd Ave,45.50276,-122.42709,1,10857,STOPPED_AT,Gresham Central Transit Center
1694123623,12730355,84,0,,,84 To SE 282nd Ave,45.50276,-122.42709,1,10857,STOPPED_AT,Gresham Central Transit Center
1694123654,12730355,84,0,,,84 To SE 282nd Ave,45.50276,-122.42709,1,10857,STOPPED_AT,Gresham Central Transit Center
1694123683,12730355,84,0,,,84 To SE 282nd Ave,45.50276,-122.42709,1,10857,STOPPED_AT,Gresham Central Transit Center
1694123713,12730355,84,0,,,84 To SE 282nd Ave,45.50276,-122.42709,1,10857,STOPPED_AT,Gresham Central Transit Center
1694123743,12730355,84,0,,,84 To SE 282nd Ave,45.50276,-122.42709,1,10857,STOPPED_AT,Gresham Central Transit Center
1694123773,12730355,84,0,,,84 To SE 282nd Ave,45.50276,-122.42709,1,10857,STOPPED_AT,Gresham Central Transit Center
1694123803,12730355,84,0,,,84 To SE 282nd Ave,45.50276,-122.42709,1,10857,STOPPED_AT,Gresham Central Transit Center
1694123816,12730355,84,0,,,84 To SE 282nd Ave,45.50276,-122.42709,1,10857,STOPPED_AT,Gresham Central Transit Center
1694123846,12730355,84,0,,,84 To SE 282nd Ave,45.50276,-122.42709,1,10857,STOPPED_AT,Gresham Central Transit Center
1694123882,12730355,84,0,,,84 To SE 282nd Ave,45.50276,-122.42709,1,10857,STOPPED_AT,Gresham Central Transit Center
1694123902,12730355,84,0,,,84 To SE 282nd Ave,45.502644,-122.42647,1,10857,STOPPED_AT,Gresham Central Transit Center
1694123933,12730355,84,0,,,84 To SE 282nd Ave,45.502644,-122.42647,1,10857,STOPPED_AT,Gresham Central Transit Center
1694123993,12730355,84,0,,,84 To SE 282nd Ave,45.50292,-122.42752,3,13211,IN_TRANSIT_TO,NE Hood & 5th
1694123993,12730355,84,0,,,84 To SE 282nd Ave,45.50292,-122.42752,3,13211,IN_TRANSIT_TO,NE Hood & 5th
1694124023,12730355,84,0,,,84 To SE 282nd Ave,45.501816,-122.427986,3,13211,IN_TRANSIT_TO,NE Hood & 5th
1694124056,12730355,84,0,,,84 To SE 282nd Ave,45.500435,-122.42799,4,13033,IN_TRANSIT_TO,NE Hood & 2nd
1694124113,12730355,84,0,,,84 To SE 282nd Ave,45.49865,-122.427734,4,13033,STOPPED_AT,NE Hood & 2nd
1694124143,12730355,84,0,,,84 To SE 282nd Ave,45.49855,-122.42773,4,13033,STOPPED_AT,NE Hood & 2nd
1694124173,12730355,84,0,,,84 To SE 282nd Ave,45.498,-122.42743,5,13474,IN_TRANSIT_TO,E Powell & NE Elliott
1694124203,12730355,84,0,,,84 To SE 282nd Ave,45.498035,-122.422585,6,4520,IN_TRANSIT_TO,E Powell & SE Cleveland
1694124233,12730355,84,0,,,84 To SE 282nd Ave,45.497997,-122.41828,8,4529,IN_TRANSIT_TO,E Powell & SE Hogan
1694124263,12730355,84,0,,,84 To SE 282nd Ave,45.497913,-122.414154,9,4639,IN_TRANSIT_TO,E Powell & SE 3rd
1694124294,12730355,84,0,,,84 To SE 282nd Ave,45.497913,-122.414154,9,4639,IN_TRANSIT_TO,E Powell & SE 3rd
1694124323,12730355,84,0,,,84 To SE 282nd Ave,45.497913,-122.414154,9,4639,IN_TRANSIT_TO,E Powell & SE 3rd
1694124353,12730355,84,0,,,84 To SE 282nd Ave,45.49705,-122.4127,9,4639,IN_TRANSIT_TO,E Powell & SE 3rd
1694124383,12730355,84,0,,,84 To SE 282nd Ave,45.494465,-122.41012,10,4545,IN_TRANSIT_TO,E Powell & SE Rene
1694124413,12730355,84,0,,,84 To SE 282nd Ave,45.494408,-122.40956,10,4545,STOPPED_AT,E Powell & SE Rene
1694124446,12730355,84,0,,,84 To SE 282nd Ave,45.49387,-122.40646,11,4713,IN_TRANSIT_TO,2800 Block SE Powell Valley
1694124476,12730355,84,0,,,84 To SE 282nd Ave,45.493332,-122.404106,11,4713,IN_TRANSIT_TO,2800 Block SE Powell Valley
1694124507,12730355,84,0,,,84 To SE 282nd Ave,45.493137,-122.403305,11,4713,STOPPED_AT,2800 Block SE Powell Valley
1694124510,12730355,84,0,,,84 To SE 282nd Ave,45.49307,-122.40303,12,4715,IN_TRANSIT_TO,SE Powell Valley & Hale
1694124539,12730355,84,0,,,84 To SE 282nd Ave,45.49192,-122.39913,13,13475,IN_TRANSIT_TO,SE 257th/Kane & Powell Valley
1694124591,12730355,84,0,,,84 To Gresham TC via 282nd,45.491016,-122.39885,14,13554,IN_TRANSIT_TO,SE 257th/Kane & 11th
1694124621,12730355,84,0,,,84 To Gresham TC via 282nd,45.489132,-122.398575,14,13554,STOPPED_AT,SE 257th/Kane & 11th
1694124651,12730355,84,0,,,84 To Gresham TC via 282nd,45.487553,-122.398506,15,4231,IN_TRANSIT_TO,SE Orient Dr & 14th 
1694124680,12730355,84,0,,,84 To Gresham TC via 282nd,45.48601,-122.397095,15,4231,STOPPED_AT,SE Orient Dr & 14th 
1694124699,12730355,84,0,,,84 To Gresham TC via 282nd,45.485905,-122.396965,15,4231,STOPPED_AT,SE Orient Dr & 14th 
1694124729,12730355,84,0,,,84 To Gresham TC via 282nd,45.483402,-122.394135,17,13555,IN_TRANSIT_TO,SE Orient Dr & Chase
1694124759,12730355,84,0,,,84 To Gresham TC via 282nd,45.483185,-122.39389,17,13555,IN_TRANSIT_TO,SE Orient Dr & Chase
1694124789,12730355,84,0,,,84 To Gresham TC via 282nd,45.480644,-122.390976,17,13555,IN_TRANSIT_TO,SE Orient Dr & Chase
1694124834,12730355,84,0,,,84 To Gresham TC via 282nd,45.47842,-122.38844,18,4230,IN_TRANSIT_TO,SE Orient Dr & Welch Rd
1694124864,12730355,84,0,,,84 To Gresham TC via 282nd,45.475914,-122.38559,18,4230,IN_TRANSIT_TO,SE Orient Dr & Welch Rd
1694124891,12730355,84,0,,,84 To Gresham TC via 282nd,45.4731,-122.38226,19,13650,IN_TRANSIT_TO,SE Orient Dr & Elsa St
1694124921,12730355,84,0,,,84 To Gresham TC via 282nd,45.471573,-122.375305,20,13560,IN_TRANSIT_TO,SE 282nd & Welch Rd
1694124951,12730355,84,0,,,84 To Gresham TC via 282nd,45.471455,-122.37299,20,13560,IN_TRANSIT_TO,SE 282nd & Welch Rd
1694124984,12730355,84,0,,,84 To Gresham TC via 282nd,45.471455,-122.37299,20,13560,IN_TRANSIT_TO,SE 282nd & Welch Rd
1694125014,12730355,84,0,,,84 To Gresham TC via 282nd,45.471455,-122.37299,20,13560,IN_TRANSIT_TO,SE 282nd & Welch Rd
1694125044,12730355,84,0,,,84 To Gresham TC via 282nd,45.471455,-122.37299,20,13560,IN_TRANSIT_TO,SE 282nd & Welch Rd
1694125071,12730355,84,0,,,84 To Gresham TC via 282nd,45.47202,-122.37276,20,13560,IN_TRANSIT_TO,SE 282nd & Welch Rd
1694125104,12730355,84,0,,,84 To Gresham TC via 282nd,45.475666,-122.37274,20,13560,IN_TRANSIT_TO,SE 282nd & Welch Rd
1694125125,12730355,84,0,,,84 To Gresham TC via 282nd,45.476334,-122.37274,21,7297,IN_TRANSIT_TO,SE 282nd & Chase
1694125155,12730355,84,0,,,84 To Gresham TC via 282nd,45.47905,-122.37272,21,7297,STOPPED_AT,SE 282nd & Chase
1694125179,12730355,84,0,,,84 To Gresham TC via 282nd,45.479412,-122.37272,22,13561,IN_TRANSIT_TO,SE 282nd & Salquist
1694125206,12730355,84,0,,,84 To Gresham TC via 282nd,45.483166,-122.372696,22,13561,STOPPED_AT,SE 282nd & Salquist
1694125236,12730355,84,0,,,84 To Gresham TC via 282nd,45.4863,-122.37271,23,13867,IN_TRANSIT_TO,SE 282nd & Powell Valley
1694125269,12730355,84,0,,,84 To Gresham TC via 282nd,45.4863,-122.37271,23,13867,IN_TRANSIT_TO,SE 282nd & Powell Valley
1694125299,12730355,84,0,,,84 To Gresham TC via 282nd,45.487495,-122.37271,23,13867,IN_TRANSIT_TO,SE 282nd & Powell Valley
1694125329,12730355,84,0,,,84 To Gresham TC via 282nd,45.488243,-122.374115,24,13562,IN_TRANSIT_TO,Powell Valley & Old Woods Lp Flag Stop
1694125359,12730355,84,0,,,84 To Gresham TC via 282nd,45.488758,-122.37896,25,4719,IN_TRANSIT_TO,SE Powell Valley & Dogwood
1694125389,12730355,84,0,,,84 To Gresham TC via 282nd,45.489986,-122.38276,25,4719,IN_TRANSIT_TO,SE Powell Valley & Dogwood
1694125419,12730355,84,0,,,84 To Gresham TC via 282nd,45.490364,-122.38643,26,8945,IN_TRANSIT_TO,SE Powell Valley & Greenway
1694125449,12730355,84,0,,,84 To Gresham TC via 282nd,45.490364,-122.39208,27,9383,IN_TRANSIT_TO,SE Powell Valley & Barnes Flag Stop - 20230804
1694125479,12730355,84,0,,,84 To Gresham TC via 282nd,45.49118,-122.39664,28,4720,IN_TRANSIT_TO,SE Powell Valley & Robin
1694125509,12730355,84,0,,,84 To Gresham TC via 282nd,45.491688,-122.39837,28,4720,IN_TRANSIT_TO,SE Powell Valley & Robin
1694125539,12730355,84,0,,,84 To Gresham TC via 282nd,45.49207,-122.399574,28,4720,IN_TRANSIT_TO,SE Powell Valley & Robin
1694125570,12730355,84,0,,,84 To Gresham TC via 282nd,45.49328,-122.40387,30,4518,IN_TRANSIT_TO,E Powell & SE Burnside
1694125599,12730355,84,0,,,84 To Gresham TC via 282nd,45.493595,-122.40524,30,4518,IN_TRANSIT_TO,E Powell & SE Burnside
1694125629,12730355,84,0,,,84 To Gresham TC via 282nd,45.493595,-122.40524,30,4518,IN_TRANSIT_TO,E Powell & SE Burnside
1694125659,12730355,84,0,,,84 To Gresham TC via 282nd,45.493595,-122.40524,30,4518,IN_TRANSIT_TO,E Powell & SE Burnside
1694125689,12730355,84,0,,,84 To Gresham TC via 282nd,45.493595,-122.40524,30,4518,IN_TRANSIT_TO,E Powell & SE Burnside
1694125719,12730355,84,0,,,84 To Gresham TC via 282nd,45.49405,-122.40745,30,4518,STOPPED_AT,E Powell & SE Burnside
1694125750,12730355,84,0,,,84 To Gresham TC via 282nd,45.49465,-122.41056,32,4638,IN_TRANSIT_TO,E Powell & SE 3rd
1694125780,12730355,84,0,,,84 To Gresham TC via 282nd,45.497223,-122.412674,33,4528,IN_TRANSIT_TO,E Powell & NE Hogan
1694125810,12730355,84,0,,,84 To Gresham TC via 282nd,45.49799,-122.41719,34,8461,IN_TRANSIT_TO,E Powell & NE Liberty
1694125840,12730355,84,0,,,84 To Gresham TC via 282nd,45.49802,-122.420685,35,4521,IN_TRANSIT_TO,E Powell & NE Cleveland
1694125869,12730355,84,0,,,84 To Gresham TC via 282nd,45.49802,-122.42075,35,4521,IN_TRANSIT_TO,E Powell & NE Cleveland
1694125900,12730355,84,0,,,84 To Gresham TC via 282nd,45.49806,-122.425385,37,10657,IN_TRANSIT_TO,NE Hood & 2nd
1694125930,12730355,84,0,,,84 To Gresham TC via 282nd,45.498585,-122.427734,37,10657,IN_TRANSIT_TO,NE Hood & 2nd
1694125960,12730355,84,0,,,84 To Gresham TC via 282nd,45.499763,-122.42799,38,10654,IN_TRANSIT_TO,NE Hood & 5th
1694126020,12730355,84,0,,,84 To Gresham TC via 282nd,45.50292,-122.427635,39,10857,IN_TRANSIT_TO,Gresham Central Transit Center
1694126029,12730356,84,0,,,84 To SE 282nd Ave,45.50276,-122.42709,1,10857,STOPPED_AT,Gresham Central Transit Center
1694126080,12730356,84,0,,,84 To SE 282nd Ave,45.50276,-122.42709,1,10857,STOPPED_AT,Gresham Central Transit Center
1694126110,12730356,84,0,,,84 To SE 282nd Ave,45.50276,-122.42709,1,10857,STOPPED_AT,Gresham Central Transit Center
1694126140,12730356,84,0,,,84 To SE 282nd Ave,45.50276,-122.42709,1,10857,STOPPED_AT,Gresham Central Transit Center
1694126170,12730356,84,0,,,84 To SE 282nd Ave,45.50276,-122.42709,1,10857,STOPPED_AT,Gresham Central Transit Center
1694126200,12730356,84,0,,,84 To SE 282nd Ave,45.50276,-122.42709,1,10857,STOPPED_AT,Gresham Central Transit Center
1694126230,12730356,84,0,,,84 To SE 282nd Ave,45.50276,-122.42709,1,10857,STOPPED_AT,Gresham Central Transit Center
1694126260,12730356,84,0,,,84 To SE 282nd Ave,45.50276,-122.42709,1,10857,STOPPED_AT,Gresham Central Transit Center
1694126287,12730356,84,0,,,84 To SE 282nd Ave,45.50276,-122.42709,1,10857,STOPPED_AT,Gresham Central Transit Center
1694126317,12730356,84,0,,,84 To SE 282nd Ave,45.50276,-122.42709,1,10857,STOPPED_AT,Gresham Central Transit Center
1694126347,12730356,84,0,,,84 To SE 282nd Ave,45.50276,-122.42709,1,10857,STOPPED_AT,Gresham Central Transit Center
1694126377,12730356,84,0,,,84 To SE 282nd Ave,45.50276,-122.42709,1,10857,STOPPED_AT,Gresham Central Transit Center
1694126407,12730356,84,0,,,84 To SE 282nd Ave,45.50276,-122.42709,1,10857,STOPPED_AT,Gresham Central Transit Center
1694126438,12730356,84,0,,,84 To SE 282nd Ave,45.50276,-122.42709,1,10857,STOPPED_AT,Gresham Central Transit Center
1694126468,12730356,84,0,,,84 To SE 282nd Ave,45.50276,-122.42709,1,10857,STOPPED_AT,Gresham Central Transit Center
1694126497,12730356,84,0,,,84 To SE 282nd Ave,45.50276,-122.42709,1,10857,STOPPED_AT,Gresham Central Transit Center
1694126527,12730356,84,0,,,84 To SE 282nd Ave,45.50276,-122.42709,1,10857,STOPPED_AT,Gresham Central Transit Center
1694126557,12730356,84,0,,,84 To SE 282nd Ave,45.50276,-122.42709,1,10857,STOPPED_AT,Gresham Central Transit Center
1694126587,12730356,84,0,,,84 To SE 282nd Ave,45.50276,-122.42709,1,10857,STOPPED_AT,Gresham Central Transit Center
1694126618,12730356,84,0,,,84 To SE 282nd Ave,45.50276,-122.42709,1,10857,STOPPED_AT,Gresham Central Transit Center
1694126647,12730356,84,0,,,84 To SE 282nd Ave,45.50276,-122.42709,1,10857,STOPPED_AT,Gresham Central Transit Center
1694126677,12730356,84,0,,,84 To SE 282nd Ave,45.50276,-122.42709,1,10857,STOPPED_AT,Gresham Central Transit Center
1694126708,12730356,84,0,,,84 To SE 282nd Ave,45.50276,-122.42709,1,10857,STOPPED_AT,Gresham Central Transit Center
1694126738,12730356,84,0,,,84 To SE 282nd Ave,45.50276,-122.42709,1,10857,STOPPED_AT,Gresham Central Transit Center
1694126768,12730356,84,0,,,84 To SE 282nd Ave,45.50276,-122.42709,1,10857,STOPPED_AT,Gresham Central Transit Center
1694126798,12730356,84,0,,,84 To SE 282nd Ave,45.50276,-122.42709,1,10857,STOPPED_AT,Gresham Central Transit Center
1694126828,12730356,84,0,,,84 To SE 282nd Ave,45.50276,-122.42709,1,10857,STOPPED_AT,Gresham Central Transit Center
1694126858,12730356,84,0,,,84 To SE 282nd Ave,45.50276,-122.42709,1,10857,STOPPED_AT,Gresham Central Transit Center
1694126888,12730356,84,0,,,84 To SE 282nd Ave,45.50276,-122.42709,1,10857,STOPPED_AT,Gresham Central Transit Center
1694126918,12730356,84,0,,,84 To SE 282nd Ave,45.50276,-122.42709,1,10857,STOPPED_AT,Gresham Central Transit Center
1694126948,12730356,84,0,,,84 To SE 282nd Ave,45.50276,-122.42709,1,10857,STOPPED_AT,Gresham Central Transit Center
1694126984,12730356,84,0,,,84 To SE 282nd Ave,45.50276,-122.42709,1,10857,STOPPED_AT,Gresham Central Transit Center
1694127014,12730356,84,0,,,84 To SE 282nd Ave,45.50276,-122.42709,1,10857,STOPPED_AT,Gresham Central Transit Center
1694127044,12730356,84,0,,,84 To SE 282nd Ave,45.50276,-122.42709,1,10857,STOPPED_AT,Gresham Central Transit Center
1694127074,12730356,84,0,,,84 To SE 282nd Ave,45.502644,-122.42647,1,10857,STOPPED_AT,Gresham Central Transit Center
1694127104,12730356,84,0,,,84 To SE 282nd Ave,45.502644,-122.42647,1,10857,STOPPED_AT,Gresham Central Transit Center
1694127134,12730356,84,0,,,84 To SE 282nd Ave,45.502644,-122.42647,2,2253,STOPPED_AT,Gresham Central Transit Center
1694127164,12730356,84,0,,,84 To SE 282nd Ave,45.50292,-122.42782,3,13211,IN_TRANSIT_TO,NE Hood & 5th
1694127194,12730356,84,0,,,84 To SE 282nd Ave,45.501232,-122.427986,3,13211,STOPPED_AT,NE Hood & 5th
1694127224,12730356,84,0,,,84 To SE 282nd Ave,45.50033,-122.42799,4,13033,IN_TRANSIT_TO,NE Hood & 2nd
1694127254,12730356,84,0,,,84 To SE 282nd Ave,45.499104,-122.42778,4,13033,IN_TRANSIT_TO,NE Hood & 2nd
1694127284,12730356,84,0,,,84 To SE 282nd Ave,45.4982,-122.42773,5,13474,IN_TRANSIT_TO,E Powell & NE Elliott
1694127317,12730356,84,0,,,84 To SE 282nd Ave,45.498,-122.42409,6,4520,IN_TRANSIT_TO,E Powell & SE Cleveland
1694127345,12730356,84,0,,,84 To SE 282nd Ave,45.49802,-122.42128,6,4520,STOPPED_AT,E Powell & SE Cleveland
1694127375,12730356,84,0,,,84 To SE 282nd Ave,45.497997,-122.41848,8,4529,IN_TRANSIT_TO,E Powell & SE Hogan
1694127404,12730356,84,0,,,84 To SE 282nd Ave,45.497852,-122.41392,9,4639,IN_TRANSIT_TO,E Powell & SE 3rd
1694127434,12730356,84,0,,,84 To SE 282nd Ave,45.495163,-122.41158,10,4545,IN_TRANSIT_TO,E Powell & SE Rene
1694127434,12730356,84,0,,,84 To SE 282nd Ave,45.495163,-122.41158,10,4545,IN_TRANSIT_TO,E Powell & SE Rene
1694127434,12730356,84,0,,,84 To SE 282nd Ave,45.495163,-122.41158,10,4545,IN_TRANSIT_TO,E Powell & SE Rene
1694127434,12730356,84,0,,,84 To SE 282nd Ave,45.495163,-122.41158,10,4545,IN_TRANSIT_TO,E Powell & SE Rene
1694127534,12730356,84,0,,,84 To SE 282nd Ave,45.493755,-122.40594,11,4713,IN_TRANSIT_TO,2800 Block SE Powell Valley
1694127564,12730356,84,0,,,84 To SE 282nd Ave,45.493755,-122.40594,11,4713,IN_TRANSIT_TO,2800 Block SE Powell Valley
1694127594,12730356,84,0,,,84 To SE 282nd Ave,45.493755,-122.40594,11,4713,IN_TRANSIT_TO,2800 Block SE Powell Valley
1694127624,12730356,84,0,,,84 To SE 282nd Ave,45.49291,-122.402374,12,4715,IN_TRANSIT_TO,SE Powell Valley & Hale
1694127684,12730356,84,0,,,84 To SE 282nd Ave,45.491894,-122.39904,13,13475,IN_TRANSIT_TO,SE 257th/Kane & Powell Valley
1694127714,12730356,84,0,,,84 To Gresham TC via 282nd,45.489532,-122.39851,14,13554,IN_TRANSIT_TO,SE 257th/Kane & 11th
1694127744,12730356,84,0,,,84 To Gresham TC via 282nd,45.487736,-122.39855,15,4231,IN_TRANSIT_TO,SE Orient Dr & 14th 
1694127774,12730356,84,0,,,84 To Gresham TC via 282nd,45.486893,-122.39815,15,4231,IN_TRANSIT_TO,SE Orient Dr & 14th 
1694127804,12730356,84,0,,,84 To Gresham TC via 282nd,45.48392,-122.39471,17,13555,IN_TRANSIT_TO,SE Orient Dr & Chase
1694127834,12730356,84,0,,,84 To Gresham TC via 282nd,45.48055,-122.39087,17,13555,IN_TRANSIT_TO,SE Orient Dr & Chase
1694127864,12730356,84,0,,,84 To Gresham TC via 282nd,45.477085,-122.386925,18,4230,IN_TRANSIT_TO,SE Orient Dr & Welch Rd
1694127894,12730356,84,0,,,84 To Gresham TC via 282nd,45.47326,-122.38251,19,13650,IN_TRANSIT_TO,SE Orient Dr & Elsa St
1694127924,12730356,84,0,,,84 To Gresham TC via 282nd,45.471626,-122.37633,19,13650,IN_TRANSIT_TO,SE Orient Dr & Elsa St
1694127948,12730356,84,0,,,84 To Gresham TC via 282nd,45.471596,-122.37573,20,13560,IN_TRANSIT_TO,SE 282nd & Welch Rd
1694127978,12730356,84,0,,,84 To Gresham TC via 282nd,45.471455,-122.37299,20,13560,IN_TRANSIT_TO,SE 282nd & Welch Rd
1694128008,12730356,84,0,,,84 To Gresham TC via 282nd,45.471455,-122.37299,20,13560,IN_TRANSIT_TO,SE 282nd & Welch Rd
1694128038,12730356,84,0,,,84 To Gresham TC via 282nd,45.4717,-122.372765,20,13560,IN_TRANSIT_TO,SE 282nd & Welch Rd
1694128069,12730356,84,0,,,84 To Gresham TC via 282nd,45.474907,-122.37275,20,13560,IN_TRANSIT_TO,SE 282nd & Welch Rd
1694128098,12730356,84,0,,,84 To Gresham TC via 282nd,45.478683,-122.37272,21,7297,IN_TRANSIT_TO,SE 282nd & Chase
1694128129,12730356,84,0,,,84 To Gresham TC via 282nd,45.481285,-122.3727,22,13561,IN_TRANSIT_TO,SE 282nd & Salquist
1694128159,12730356,84,0,,,84 To Gresham TC via 282nd,45.485096,-122.3727,23,13867,IN_TRANSIT_TO,SE 282nd & Powell Valley
1694128189,12730356,84,0,,,84 To Gresham TC via 282nd,45.48778,-122.37272,23,13867,STOPPED_AT,SE 282nd & Powell Valley
1694128219,12730356,84,0,,,84 To Gresham TC via 282nd,45.488167,-122.37272,24,13562,IN_TRANSIT_TO,Powell Valley & Old Woods Lp Flag Stop
1694128249,12730356,84,0,,,84 To Gresham TC via 282nd,45.48825,-122.37648,24,13562,IN_TRANSIT_TO,Powell Valley & Old Woods Lp Flag Stop
1694128279,12730356,84,0,,,84 To Gresham TC via 282nd,45.48968,-122.38155,25,4719,IN_TRANSIT_TO,SE Powell Valley & Dogwood
1694128309,12730356,84,0,,,84 To Gresham TC via 282nd,45.490376,-122.386604,26,8945,IN_TRANSIT_TO,SE Powell Valley & Greenway
1694128339,12730356,84,0,,,84 To Gresham TC via 282nd,45.490368,-122.39173,27,9383,IN_TRANSIT_TO,SE Powell Valley & Barnes Flag Stop - 20230804
1694128369,12730356,84,0,,,84 To Gresham TC via 282nd,45.490566,-122.39456,28,4720,IN_TRANSIT_TO,SE Powell Valley & Robin
1694128399,12730356,84,0,,,84 To Gresham TC via 282nd,45.49138,-122.39733,28,4720,IN_TRANSIT_TO,SE Powell Valley & Robin
1694128429,12730356,84,0,,,84 To Gresham TC via 282nd,45.491524,-122.39782,28,4720,IN_TRANSIT_TO,SE Powell Valley & Robin
1694128459,12730356,84,0,,,84 To Gresham TC via 282nd,45.49212,-122.399734,28,4720,IN_TRANSIT_TO,SE Powell Valley & Robin
1694128489,12730356,84,0,,,84 To Gresham TC via 282nd,45.493217,-122.403625,29,4714,STOPPED_AT,2800 Block SE Powell Valley
1694128516,12730356,84,0,,,84 To Gresham TC via 282nd,45.49352,-122.40492,30,4518,IN_TRANSIT_TO,E Powell & SE Burnside
1694128546,12730356,84,0,,,84 To Gresham TC via 282nd,45.49352,-122.40492,30,4518,IN_TRANSIT_TO,E Powell & SE Burnside
1694128576,12730356,84,0,,,84 To Gresham TC via 282nd,45.49352,-122.40492,30,4518,IN_TRANSIT_TO,E Powell & SE Burnside
1694128606,12730356,84,0,,,84 To Gresham TC via 282nd,45.49352,-122.40492,30,4518,IN_TRANSIT_TO,E Powell & SE Burnside
1694128637,12730356,84,0,,,84 To Gresham TC via 282nd,45.493736,-122.405846,30,4518,IN_TRANSIT_TO,E Powell & SE Burnside
1694128667,12730356,84,0,,,84 To Gresham TC via 282nd,45.49445,-122.40983,31,4546,STOPPED_AT,E Powell & SE Rene
1694128690,12730356,84,0,,,84 To Gresham TC via 282nd,45.49459,-122.4103,32,4638,IN_TRANSIT_TO,E Powell & SE 3rd
1694128724,12730356,84,0,,,84 To Gresham TC via 282nd,45.497044,-122.412544,33,4528,IN_TRANSIT_TO,E Powell & NE Hogan
1694128753,12730356,84,0,,,84 To Gresham TC via 282nd,45.497864,-122.41371,33,4528,STOPPED_AT,E Powell & NE Hogan
1694128784,12730356,84,0,,,84 To Gresham TC via 282nd,45.49799,-122.41742,34,8461,IN_TRANSIT_TO,E Powell & NE Liberty
1694128814,12730356,84,0,,,84 To Gresham TC via 282nd,45.49803,-122.422455,36,13473,IN_TRANSIT_TO,E Powell & NE Elliott
1694128844,12730356,84,0,,,84 To Gresham TC via 282nd,45.498013,-122.42722,37,10657,IN_TRANSIT_TO,NE Hood & 2nd
1694128874,12730356,84,0,,,84 To Gresham TC via 282nd,45.498833,-122.427734,37,10657,STOPPED_AT,NE Hood & 2nd
1694128904,12730356,84,0,,,84 To Gresham TC via 282nd,45.500183,-122.42799,38,10654,IN_TRANSIT_TO,NE Hood & 5th
1694128934,12730356,84,0,,,84 To Gresham TC via 282nd,45.50135,-122.427986,39,10857,IN_TRANSIT_TO,Gresham Central Transit Center
1694128976,12730357,84,0,,,84 To SE 282nd Ave,45.50276,-122.42709,1,10857,STOPPED_AT,Gresham Central Transit Center
1694128991,12730357,84,0,,,84 To SE 282nd Ave,45.50276,-122.42709,1,10857,STOPPED_AT,Gresham Central Transit Center
1694129021,12730357,84,0,,,84 To SE 282nd Ave,45.50276,-122.42709,1,10857,STOPPED_AT,Gresham Central Transit Center
1694129051,12730357,84,0,,,84 To SE 282nd Ave,45.50276,-122.42709,1,10857,STOPPED_AT,Gresham Central Transit Center
1694129081,12730357,84,0,,,84 To SE 282nd Ave,45.50276,-122.42709,1,10857,STOPPED_AT,Gresham Central Transit Center
1694129111,12730357,84,0,,,84 To SE 282nd Ave,45.50276,-122.42709,1,10857,STOPPED_AT,Gresham Central Transit Center
1694129141,12730357,84,0,,,84 To SE 282nd Ave,45.50276,-122.42709,1,10857,STOPPED_AT,Gresham Central Transit Center
1694129171,12730357,84,0,,,84 To SE 282nd Ave,45.50276,-122.42709,1,10857,STOPPED_AT,Gresham Central Transit Center
1694129201,12730357,84,0,,,84 To SE 282nd Ave,45.50276,-122.42709,1,10857,STOPPED_AT,Gresham Central Transit Center
1694129231,12730357,84,0,,,84 To SE 282nd Ave,45.50276,-122.42709,1,10857,STOPPED_AT,Gresham Central Transit Center
1694129261,12730357,84,0,,,84 To SE 282nd Ave,45.50276,-122.42709,1,10857,STOPPED_AT,Gresham Central Transit Center
1694129291,12730357,84,0,,,84 To SE 282nd Ave,45.50276,-122.42709,1,10857,STOPPED_AT,Gresham Central Transit Center
1694129321,12730357,84,0,,,84 To SE 282nd Ave,45.50276,-122.42709,1,10857,STOPPED_AT,Gresham Central Transit Center
1694129351,12730357,84,0,,,84 To SE 282nd Ave,45.50276,-122.42709,1,10857,STOPPED_AT,Gresham Central Transit Center
1694129381,12730357,84,0,,,84 To SE 282nd Ave,45.50276,-122.42709,1,10857,STOPPED_AT,Gresham Central Transit Center
1694129414,12730357,84,0,,,84 To SE 282nd Ave,45.50276,-122.42709,1,10857,STOPPED_AT,Gresham Central Transit Center
1694129441,12730357,84,0,,,84 To SE 282nd Ave,45.50276,-122.42709,1,10857,STOPPED_AT,Gresham Central Transit Center
1694129471,12730357,84,0,,,84 To SE 282nd Ave,45.50276,-122.42709,1,10857,STOPPED_AT,Gresham Central Transit Center
1694129501,12730357,84,0,,,84 To SE 282nd Ave,45.50276,-122.42709,1,10857,STOPPED_AT,Gresham Central Transit Center
1694129531,12730357,84,0,,,84 To SE 282nd Ave,45.50276,-122.42709,1,10857,STOPPED_AT,Gresham Central Transit Center
1694129561,12730357,84,0,,,84 To SE 282nd Ave,45.50276,-122.42709,1,10857,STOPPED_AT,Gresham Central Transit Center
1694129594,12730357,84,0,,,84 To SE 282nd Ave,45.50276,-122.42709,1,10857,STOPPED_AT,Gresham Central Transit Center
1694129624,12730357,84,0,,,84 To SE 282nd Ave,45.50276,-122.42709,1,10857,STOPPED_AT,Gresham Central Transit Center
1694129654,12730357,84,0,,,84 To SE 282nd Ave,45.50276,-122.42709,1,10857,STOPPED_AT,Gresham Central Transit Center
1694129685,12730357,84,0,,,84 To SE 282nd Ave,45.50276,-122.42709,1,10857,STOPPED_AT,Gresham Central Transit Center
1694129712,12730357,84,0,,,84 To SE 282nd Ave,45.50276,-122.42709,1,10857,STOPPED_AT,Gresham Central Transit Center
1694129744,12730357,84,0,,,84 To SE 282nd Ave,45.50276,-122.42709,1,10857,STOPPED_AT,Gresham Central Transit Center
1694129774,12730357,84,0,,,84 To SE 282nd Ave,45.50276,-122.42709,1,10857,STOPPED_AT,Gresham Central Transit Center
1694129805,12730357,84,0,,,84 To SE 282nd Ave,45.50276,-122.42709,1,10857,STOPPED_AT,Gresham Central Transit Center
1694129862,12730357,84,0,,,84 To SE 282nd Ave,45.50276,-122.42709,1,10857,STOPPED_AT,Gresham Central Transit Center
1694129892,12730357,84,0,,,84 To SE 282nd Ave,45.50276,-122.42709,1,10857,STOPPED_AT,Gresham Central Transit Center
1694129919,12730357,84,0,,,84 To SE 282nd Ave,45.50276,-122.42709,1,10857,STOPPED_AT,Gresham Central Transit Center
1694129949,12730357,84,0,,,84 To SE 282nd Ave,45.50276,-122.42709,1,10857,STOPPED_AT,Gresham Central Transit Center
1694129979,12730357,84,0,,,84 To SE 282nd Ave,45.50276,-122.42709,1,10857,STOPPED_AT,Gresham Central Transit Center
1694130009,12730357,84,0,,,84 To SE 282nd Ave,45.50276,-122.42709,1,10857,STOPPED_AT,Gresham Central Transit Center
1694130037,12730357,84,0,,,84 To SE 282nd Ave,45.5027,-122.426765,1,10857,STOPPED_AT,Gresham Central Transit Center
1694130068,12730357,84,0,,,84 To SE 282nd Ave,45.50266,-122.42655,2,2253,STOPPED_AT,Gresham Central Transit Center
1694130097,12730357,84,0,,,84 To SE 282nd Ave,45.502644,-122.42647,2,2253,STOPPED_AT,Gresham Central Transit Center
1694130128,12730357,84,0,,,84 To SE 282nd Ave,45.50268,-122.426674,2,2253,IN_TRANSIT_TO,Gresham Central Transit Center
1694130157,12730357,84,0,,,84 To SE 282nd Ave,45.50292,-122.427734,3,13211,IN_TRANSIT_TO,NE Hood & 5th
1694130188,12730357,84,0,,,84 To SE 282nd Ave,45.501137,-122.427986,3,13211,STOPPED_AT,NE Hood & 5th
1694130218,12730357,84,0,,,84 To SE 282nd Ave,45.49987,-122.42799,4,13033,IN_TRANSIT_TO,NE Hood & 2nd
1694130247,12730357,84,0,,,84 To SE 282nd Ave,45.4989,-122.427734,4,13033,IN_TRANSIT_TO,NE Hood & 2nd
1694130278,12730357,84,0,,,84 To SE 282nd Ave,45.4981,-122.42773,5,13474,IN_TRANSIT_TO,E Powell & NE Elliott
1694130308,12730357,84,0,,,84 To SE 282nd Ave,45.498,-122.424034,6,4520,IN_TRANSIT_TO,E Powell & SE Cleveland
1694130338,12730357,84,0,,,84 To SE 282nd Ave,45.49802,-122.42125,6,4520,STOPPED_AT,E Powell & SE Cleveland
1694130368,12730357,84,0,,,84 To SE 282nd Ave,45.49799,-122.41715,8,4529,IN_TRANSIT_TO,E Powell & SE Hogan
1694130398,12730357,84,0,,,84 To SE 282nd Ave,45.49797,-122.41525,8,4529,IN_TRANSIT_TO,E Powell & SE Hogan
1694130431,12730357,84,0,,,84 To SE 282nd Ave,45.49617,-122.41217,9,4639,IN_TRANSIT_TO,E Powell & SE 3rd
1694130461,12730357,84,0,,,84 To SE 282nd Ave,45.49446,-122.41016,10,4545,IN_TRANSIT_TO,E Powell & SE Rene
1694130491,12730357,84,0,,,84 To SE 282nd Ave,45.494434,-122.40972,10,4545,STOPPED_AT,E Powell & SE Rene
1694130518,12730357,84,0,,,84 To SE 282nd Ave,45.494404,-122.409546,10,4545,STOPPED_AT,E Powell & SE Rene
1694130548,12730357,84,0,,,84 To SE 282nd Ave,45.49399,-122.40712,11,4713,IN_TRANSIT_TO,2800 Block SE Powell Valley
1694130578,12730357,84,0,,,84 To SE 282nd Ave,45.493546,-122.40504,11,4713,IN_TRANSIT_TO,2800 Block SE Powell Valley
1694130608,12730357,84,0,,,84 To SE 282nd Ave,45.492382,-122.400536,13,13475,IN_TRANSIT_TO,SE 257th/Kane & Powell Valley
1694130638,12730357,84,0,,,84 To Gresham TC via 282nd,45.490948,-122.39885,14,13554,IN_TRANSIT_TO,SE 257th/Kane & 11th
1694130668,12730357,84,0,,,84 To Gresham TC via 282nd,45.48777,-122.39855,15,4231,IN_TRANSIT_TO,SE Orient Dr & 14th 
1694130698,12730357,84,0,,,84 To Gresham TC via 282nd,45.48512,-122.39607,16,9233,IN_TRANSIT_TO,1800 Block SE Orient Dr
1694130737,12730357,84,0,,,84 To Gresham TC via 282nd,45.483784,-122.394554,17,13555,IN_TRANSIT_TO,SE Orient Dr & Chase
1694130768,12730357,84,0,,,84 To Gresham TC via 282nd,45.480896,-122.391266,17,13555,IN_TRANSIT_TO,SE Orient Dr & Chase
1694130797,12730357,84,0,,,84 To Gresham TC via 282nd,45.47757,-122.38748,18,4230,IN_TRANSIT_TO,SE Orient Dr & Welch Rd
1694130827,12730357,84,0,,,84 To Gresham TC via 282nd,45.473953,-122.38336,19,13650,IN_TRANSIT_TO,SE Orient Dr & Elsa St
1694130857,12730357,84,0,,,84 To Gresham TC via 282nd,45.471676,-122.37731,19,13650,IN_TRANSIT_TO,SE Orient Dr & Elsa St
1694130884,12730357,84,0,,,84 To Gresham TC via 282nd,45.471596,-122.37575,20,13560,IN_TRANSIT_TO,SE 282nd & Welch Rd
1694130915,12730357,84,0,,,84 To Gresham TC via 282nd,45.471462,-122.37316,20,13560,IN_TRANSIT_TO,SE 282nd & Welch Rd
1694130944,12730357,84,0,,,84 To Gresham TC via 282nd,45.473267,-122.37275,20,13560,IN_TRANSIT_TO,SE 282nd & Welch Rd
1694130978,12730357,84,0,,,84 To Gresham TC via 282nd,45.475998,-122.37274,20,13560,STOPPED_AT,SE 282nd & Welch Rd
1694130990,12730357,84,0,,,84 To Gresham TC via 282nd,45.47623,-122.37274,21,7297,IN_TRANSIT_TO,SE 282nd & Chase
1694131020,12730357,84,0,,,84 To Gresham TC via 282nd,45.47915,-122.37272,21,7297,STOPPED_AT,SE 282nd & Chase
1694131053,12730357,84,0,,,84 To Gresham TC via 282nd,45.482254,-122.372696,22,13561,IN_TRANSIT_TO,SE 282nd & Salquist
1694131080,12730357,84,0,,,84 To Gresham TC via 282nd,45.48605,-122.37271,23,13867,IN_TRANSIT_TO,SE 282nd & Powell Valley
1694131109,12730357,84,0,,,84 To Gresham TC via 282nd,45.487816,-122.37272,23,13867,STOPPED_AT,SE 282nd & Powell Valley
1694131143,12730357,84,0,,,84 To Gresham TC via 282nd,45.4882,-122.37272,24,13562,IN_TRANSIT_TO,Powell Valley & Old Woods Lp Flag Stop
1694131173,12730357,84,0,,,84 To Gresham TC via 282nd,45.48825,-122.37663,24,13562,IN_TRANSIT_TO,Powell Valley & Old Woods Lp Flag Stop
